-- MySQL dump 10.13  Distrib 8.0.36, for Win64 (x86_64)
--
-- Host: localhost    Database: xuandungstore
-- ------------------------------------------------------
-- Server version	8.3.0

/*!40101 SET @OLD_CHARACTER_SET_CLIENT=@@CHARACTER_SET_CLIENT */;
/*!40101 SET @OLD_CHARACTER_SET_RESULTS=@@CHARACTER_SET_RESULTS */;
/*!40101 SET @OLD_COLLATION_CONNECTION=@@COLLATION_CONNECTION */;
/*!50503 SET NAMES utf8 */;
/*!40103 SET @OLD_TIME_ZONE=@@TIME_ZONE */;
/*!40103 SET TIME_ZONE='+00:00' */;
/*!40014 SET @OLD_UNIQUE_CHECKS=@@UNIQUE_CHECKS, UNIQUE_CHECKS=0 */;
/*!40014 SET @OLD_FOREIGN_KEY_CHECKS=@@FOREIGN_KEY_CHECKS, FOREIGN_KEY_CHECKS=0 */;
/*!40101 SET @OLD_SQL_MODE=@@SQL_MODE, SQL_MODE='NO_AUTO_VALUE_ON_ZERO' */;
/*!40111 SET @OLD_SQL_NOTES=@@SQL_NOTES, SQL_NOTES=0 */;

--
-- Table structure for table `anhbosung`
--

DROP TABLE IF EXISTS `anhbosung`;
/*!40101 SET @saved_cs_client     = @@character_set_client */;
/*!50503 SET character_set_client = utf8mb4 */;
CREATE TABLE `anhbosung` (
  `ma_anh` int NOT NULL AUTO_INCREMENT,
  `ma_san_pham` varchar(255) DEFAULT NULL,
  `url` text,
  `abs_ghi_chu` text,
  PRIMARY KEY (`ma_anh`),
  KEY `fk_abs_sanpham` (`ma_san_pham`),
  CONSTRAINT `fk_abs_sanpham` FOREIGN KEY (`ma_san_pham`) REFERENCES `sanpham` (`ma_san_pham`)
) ENGINE=InnoDB DEFAULT CHARSET=utf8mb4  ;
/*!40101 SET character_set_client = @saved_cs_client */;

--
-- Dumping data for table `anhbosung`
--

LOCK TABLES `anhbosung` WRITE;
/*!40000 ALTER TABLE `anhbosung` DISABLE KEYS */;
/*!40000 ALTER TABLE `anhbosung` ENABLE KEYS */;
UNLOCK TABLES;

--
-- Table structure for table `chitietdathang`
--

DROP TABLE IF EXISTS `chitietdathang`;
/*!40101 SET @saved_cs_client     = @@character_set_client */;
/*!50503 SET character_set_client = utf8mb4 */;
CREATE TABLE `chitietdathang` (
  `so_hoa_don` varchar(255) NOT NULL,
  `ma_san_pham` varchar(255) NOT NULL,
  `so_luong` int DEFAULT NULL,
  `don_gia` int DEFAULT NULL,
  PRIMARY KEY (`so_hoa_don`,`ma_san_pham`),
  KEY `fk_ctdh_sp` (`ma_san_pham`),
  CONSTRAINT `fk_ctdh_dh` FOREIGN KEY (`so_hoa_don`) REFERENCES `donhang` (`so_hoa_don`),
  CONSTRAINT `fk_ctdh_sp` FOREIGN KEY (`ma_san_pham`) REFERENCES `sanpham` (`ma_san_pham`)
) ENGINE=InnoDB DEFAULT CHARSET=utf8mb4  ;
/*!40101 SET character_set_client = @saved_cs_client */;

--
-- Dumping data for table `chitietdathang`
--

LOCK TABLES `chitietdathang` WRITE;
/*!40000 ALTER TABLE `chitietdathang` DISABLE KEYS */;
/*!40000 ALTER TABLE `chitietdathang` ENABLE KEYS */;
UNLOCK TABLES;

--
-- Table structure for table `danhgia`
--

DROP TABLE IF EXISTS `danhgia`;
/*!40101 SET @saved_cs_client     = @@character_set_client */;
/*!50503 SET character_set_client = utf8mb4 */;
CREATE TABLE `danhgia` (
  `ma_danh_gia` int NOT NULL AUTO_INCREMENT,
  `ten_dang_nhap` varchar(255) DEFAULT NULL,
  `chat_luong` tinyint DEFAULT NULL,
  `binh_luan` text,
  `ma_san_pham` varchar(255) DEFAULT NULL,
  PRIMARY KEY (`ma_danh_gia`),
  KEY `fk_dg_ngdung` (`ten_dang_nhap`),
  CONSTRAINT `fk_dg_ngdung` FOREIGN KEY (`ten_dang_nhap`) REFERENCES `khachhang` (`ten_dang_nhap`)
) ENGINE=InnoDB DEFAULT CHARSET=utf8mb4  ;
/*!40101 SET character_set_client = @saved_cs_client */;

--
-- Dumping data for table `danhgia`
--

LOCK TABLES `danhgia` WRITE;
/*!40000 ALTER TABLE `danhgia` DISABLE KEYS */;
/*!40000 ALTER TABLE `danhgia` ENABLE KEYS */;
UNLOCK TABLES;

--
-- Table structure for table `dongsanpham`
--

DROP TABLE IF EXISTS `dongsanpham`;
/*!40101 SET @saved_cs_client     = @@character_set_client */;
/*!50503 SET character_set_client = utf8mb4 */;
CREATE TABLE `dongsanpham` (
  `ma_dong` varchar(255) NOT NULL,
  `ten_dong` text,
  `dsp_ghi_chu` text,
  PRIMARY KEY (`ma_dong`)
) ENGINE=InnoDB DEFAULT CHARSET=utf8mb4  ;
/*!40101 SET character_set_client = @saved_cs_client */;

--
-- Dumping data for table `dongsanpham`
--

LOCK TABLES `dongsanpham` WRITE;
/*!40000 ALTER TABLE `dongsanpham` DISABLE KEYS */;
INSERT INTO `dongsanpham` VALUES ('phu-tung-phu-kien','Phụ tùng - phụ kiện',''),('thiet-bi-khac','Sản phẩm khác',''),('thiet-bi-nha-bep','Thiết bị nhà bếp',''),('thiet-bi-nha-ve-sinh','Thiết bị nhà vệ sinh',''),('thiet-bi-phong-tam','Thiết bị phòng tắm','');
/*!40000 ALTER TABLE `dongsanpham` ENABLE KEYS */;
UNLOCK TABLES;

--
-- Table structure for table `donhang`
--

DROP TABLE IF EXISTS `donhang`;
/*!40101 SET @saved_cs_client     = @@character_set_client */;
/*!50503 SET character_set_client = utf8mb4 */;
CREATE TABLE `donhang` (
  `so_hoa_don` varchar(255) NOT NULL,
  `ten_dang_nhap` varchar(255) NOT NULL,
  `ngay_lap` datetime DEFAULT CURRENT_TIMESTAMP,
  `dia_chi_nhan_hang` text NOT NULL,
  `nguoi_lap_don` varchar(255) DEFAULT 'Administrator',
  `dh_ghi_chu` text,
  `nguoi_nhan` text,
  `trang_thai` varchar(255) DEFAULT NULL,
  `phi_van_chuyen` int DEFAULT NULL,
  PRIMARY KEY (`so_hoa_don`),
  KEY `fk_donhang_khachhang` (`ten_dang_nhap`),
  KEY `fk_donhang_trangthai` (`trang_thai`),
  CONSTRAINT `fk_donhang_khachhang` FOREIGN KEY (`ten_dang_nhap`) REFERENCES `khachhang` (`ten_dang_nhap`),
  CONSTRAINT `fk_donhang_trangthai` FOREIGN KEY (`trang_thai`) REFERENCES `trangthai` (`ma_trang_thai`)
) ENGINE=InnoDB DEFAULT CHARSET=utf8mb4  ;
/*!40101 SET character_set_client = @saved_cs_client */;

--
-- Dumping data for table `donhang`
--

LOCK TABLES `donhang` WRITE;
/*!40000 ALTER TABLE `donhang` DISABLE KEYS */;
/*!40000 ALTER TABLE `donhang` ENABLE KEYS */;
UNLOCK TABLES;

--
-- Table structure for table `donvitinh`
--

DROP TABLE IF EXISTS `donvitinh`;
/*!40101 SET @saved_cs_client     = @@character_set_client */;
/*!50503 SET character_set_client = utf8mb4 */;
CREATE TABLE `donvitinh` (
  `ma_don_vi` varchar(255) NOT NULL,
  `ten_don_vi` text NOT NULL,
  `trang_thai_mac_dinh` tinyint(1) DEFAULT '0',
  `ghi_chu` text,
  PRIMARY KEY (`ma_don_vi`)
) ENGINE=InnoDB DEFAULT CHARSET=utf8mb4  ;
/*!40101 SET character_set_client = @saved_cs_client */;

--
-- Dumping data for table `donvitinh`
--

LOCK TABLES `donvitinh` WRITE;
/*!40000 ALTER TABLE `donvitinh` DISABLE KEYS */;
INSERT INTO `donvitinh` VALUES ('bo','Bộ',0,''),('cai','Cái',0,'');
/*!40000 ALTER TABLE `donvitinh` ENABLE KEYS */;
UNLOCK TABLES;

--
-- Table structure for table `khachhang`
--

DROP TABLE IF EXISTS `khachhang`;
/*!40101 SET @saved_cs_client     = @@character_set_client */;
/*!50503 SET character_set_client = utf8mb4 */;
CREATE TABLE `khachhang` (
  `ten_dang_nhap` varchar(255) NOT NULL,
  `ma_khach_hang` varchar(255) DEFAULT NULL,
  `ho` varchar(512) NOT NULL,
  `ten` varchar(512) NOT NULL,
  `so_dien_thoaI` varchar(20) NOT NULL,
  `dia_chi` varchar(255) DEFAULT NULL,
  PRIMARY KEY (`ten_dang_nhap`),
  UNIQUE KEY `ma_khach_hang` (`ma_khach_hang`),
  CONSTRAINT `fk_khachhang_account` FOREIGN KEY (`ten_dang_nhap`) REFERENCES `taikhoan` (`ten_dang_nhap`)
) ENGINE=InnoDB DEFAULT CHARSET=utf8mb4  ;
/*!40101 SET character_set_client = @saved_cs_client */;

--
-- Dumping data for table `khachhang`
--

LOCK TABLES `khachhang` WRITE;
/*!40000 ALTER TABLE `khachhang` DISABLE KEYS */;
INSERT INTO `khachhang` VALUES ('huynhvancongadu@gmail.com','4D509E12A4B14CE0AC9204DBB368ABA5','Khánh Chi','Nè','0368474601','');
/*!40000 ALTER TABLE `khachhang` ENABLE KEYS */;
UNLOCK TABLES;

--
-- Table structure for table `loaisanpham`
--

DROP TABLE IF EXISTS `loaisanpham`;
/*!40101 SET @saved_cs_client     = @@character_set_client */;
/*!50503 SET character_set_client = utf8mb4 */;
CREATE TABLE `loaisanpham` (
  `ma_loai` varchar(255) NOT NULL,
  `ten_loai` text,
  `dong_san_pham` varchar(255) NOT NULL,
  `lsp_ghi_chu` text,
  PRIMARY KEY (`ma_loai`),
  KEY `fk_loaisp_dongsp` (`dong_san_pham`),
  CONSTRAINT `fk_loaisp_dongsp` FOREIGN KEY (`dong_san_pham`) REFERENCES `dongsanpham` (`ma_dong`)
) ENGINE=InnoDB DEFAULT CHARSET=utf8mb4  ;
/*!40101 SET character_set_client = @saved_cs_client */;

--
-- Dumping data for table `loaisanpham`
--

LOCK TABLES `loaisanpham` WRITE;
/*!40000 ALTER TABLE `loaisanpham` DISABLE KEYS */;
INSERT INTO `loaisanpham` VALUES ('ban-cau','Bàn cầu','thiet-bi-nha-ve-sinh',''),('ban-thien','Bàn thiên','thiet-bi-khac',''),('bas-bat-oc','Bát (bas) bắt óc','phu-tung-phu-kien',''),('bon-tam','Bồn tắm','thiet-bi-phong-tam',''),('chan-binh-nuoc-loc','Chân bình nước lọc','thiet-bi-khac',''),('chan-chau-chen','Chân chậu chén','thiet-bi-khac',''),('chau-rua-chen','Chậu rửa chén','thiet-bi-nha-bep',''),('cu-sen','Củ sen','thiet-bi-phong-tam',''),('day-cap-nuoc','Dây cấp nước','phu-tung-phu-kien',''),('do-dung-nha-bep','Đồ dùng nhà bếp','thiet-bi-nha-bep',''),('guong-soi','Gương soi','phu-tung-phu-kien',''),('ke-dep','Kệ dép','thiet-bi-khac',''),('khay-chen','Khây chén','thiet-bi-nha-bep',''),('lavabo','Lavabo','thiet-bi-nha-ve-sinh',''),('may-nuoc-nong','Máy nước nóng năng lượng mặt trời','thiet-bi-khac',''),('phao-co','Phao cơ','phu-tung-phu-kien',''),('phu-kien-nha-tam','Phụ kiện nhà tắm','phu-tung-phu-kien',''),('phu-kien-nha-ve-sinh','Phụ kiện nhà vệ sinh','phu-tung-phu-kien',''),('quay-bar','Quầy bar','thiet-bi-khac',''),('sao-don','Sào đơn','thiet-bi-khac',''),('sen-tam','Sen tắm','thiet-bi-phong-tam',''),('sen-tam-nong-lanh','Sen tắm nóng lạnh','thiet-bi-phong-tam',''),('tay-sen','Tay sen','phu-tung-phu-kien',''),('thiet-bi-nha-tieu','Thiết bị nhà tiểu','thiet-bi-nha-ve-sinh',''),('van-khoa','Van khóa','phu-tung-phu-kien',''),('vi-nuong','Vĩ nướng','thiet-bi-khac',''),('voi-nuoc','Vòi nước','phu-tung-phu-kien',''),('voi-xit','Vòi xịt','phu-tung-phu-kien','');
/*!40000 ALTER TABLE `loaisanpham` ENABLE KEYS */;
UNLOCK TABLES;

--
-- Table structure for table `nhomsanpham`
--

DROP TABLE IF EXISTS `nhomsanpham`;
/*!40101 SET @saved_cs_client     = @@character_set_client */;
/*!50503 SET character_set_client = utf8mb4 */;
CREATE TABLE `nhomsanpham` (
  `ma_nhom` varchar(255) NOT NULL,
  `ten_nhom` text,
  `loai_san_pham` varchar(255) NOT NULL,
  `nsp_ghi_chu` text,
  PRIMARY KEY (`ma_nhom`),
  KEY `fk_nhomsp_lsp` (`loai_san_pham`),
  CONSTRAINT `fk_nhomsp_lsp` FOREIGN KEY (`loai_san_pham`) REFERENCES `loaisanpham` (`ma_loai`)
) ENGINE=InnoDB DEFAULT CHARSET=utf8mb4  ;
/*!40101 SET character_set_client = @saved_cs_client */;

--
-- Dumping data for table `nhomsanpham`
--

LOCK TABLES `nhomsanpham` WRITE;
/*!40000 ALTER TABLE `nhomsanpham` DISABLE KEYS */;
INSERT INTO `nhomsanpham` VALUES ('ban-cau-hai-khoi','Bàn cầu hai khối','ban-cau',''),('ban-cau-lien-khoi','Bàn cầu liền khối','ban-cau',''),('ban-cau-thong-minh','Bàn cầu thông minh','ban-cau',''),('ban-cau-xom','Bàn cầu xổm','ban-cau',''),('be-do-su','Bệ đở sứ','lavabo',''),('bo-ban-da-lavabo','Bộ bàn đá lavabo','lavabo',''),('bo-tam-lap-the','Bồn tắm lập thể','bon-tam',''),('bo-xa','Bộ xả','phu-kien-nha-ve-sinh',''),('bon-tam-goc','Bồn tắm góc','bon-tam',''),('bon-tam-nam','Bồn tắm nằm','bon-tam',''),('bon-tam-tinh-yeu','Bồn tắm tình yêu','bon-tam',''),('chau-da','Chậu rửa chén đá Granite','chau-rua-chen',''),('chau-inox','Chậu rửa chén inox','chau-rua-chen',''),('cu-sen','Củ sen','cu-sen',''),('cu-sen-nong-lanh','Củ sen nóng lạnh','cu-sen',''),('goc','Góc','phu-kien-nha-tam',''),('guong-den-led','Gương đèn LED','guong-soi',''),('guong-mau','Gương màu','guong-soi',''),('ho-ga','Hố ga','phu-kien-nha-ve-sinh',''),('hop-ga','Hộp ga','phu-kien-nha-ve-sinh',''),('hop-giay','Hộp giấy','phu-kien-nha-tam',''),('ke-kinh','Kệ kính','phu-kien-nha-tam',''),('khay-chen','Khây chén','do-dung-nha-bep',''),('lavabo-dat-ban','Lavabo đặt bàn','lavabo',''),('lavabo-kinh','Lavabo kính','lavabo',''),('lavabo-treo-tuong','Lavabo treo tường','lavabo',''),('lavabo-tru','Lavabo trụ','lavabo',''),('lavabo-tu','Lavabo tủ','lavabo',''),('mang-dao','Máng dao','do-dung-nha-bep',''),('mang-dao-thot','Máng dao thớt','do-dung-nha-bep',''),('mang-khan','Máng khăn','phu-kien-nha-tam',''),('mang-nap','Máng nắp','do-dung-nha-bep',''),('mang-noi','Máng nồi','do-dung-nha-bep',''),('moc-ao','Móc áo','phu-kien-nha-tam',''),('ong-dua','Ống đũa','do-dung-nha-bep',''),('ro-chen','Rổ chén','do-dung-nha-bep',''),('sen-am-tuong','Sen âm tường','sen-tam',''),('sen-am-tuong-nong-lanh','Sen âm tường','sen-tam-nong-lanh',''),('sen-bon-tam','Sen bồn tắm','sen-tam-nong-lanh',''),('sen-cay','Sen cây','sen-tam',''),('sen-cay-nong-lanh','Sen cây','sen-tam-nong-lanh',''),('sen-thuyen-nong-lanh','Sen thuyền','sen-tam-nong-lanh',''),('thang','Thẳng','phu-kien-nha-tam',''),('tieu-nam','Bồn tiểu nam','thiet-bi-nha-tieu',''),('tieu-nam-cam-ung','Bồn tiểu nam cảm ứng','thiet-bi-nha-tieu',''),('treo-chen','Treo chén','do-dung-nha-bep',''),('treo-gia-vi','Treo gia vị','do-dung-nha-bep',''),('tu-lavabo','Tủ lavabo','lavabo',''),('voi-ho','Vòi hồ','voi-nuoc',''),('voi-lavabo','Vòi lavabo','voi-nuoc',''),('voi-rua-chen','Vòi rửa chén','voi-nuoc','');
/*!40000 ALTER TABLE `nhomsanpham` ENABLE KEYS */;
UNLOCK TABLES;

--
-- Table structure for table `sanpham`
--

DROP TABLE IF EXISTS `sanpham`;
/*!40101 SET @saved_cs_client     = @@character_set_client */;
/*!50503 SET character_set_client = utf8mb4 */;
CREATE TABLE `sanpham` (
  `ma_san_pham` varchar(255) NOT NULL,
  `ten_san_pham` text,
  `gioi_thieu` text,
  `mo_ta` text,
  `thong_so_ky_thuat` text,
  `gia` int DEFAULT NULL,
  `dang_giam_gia` tinyint(1) DEFAULT '1',
  `phan_tram_giam` int DEFAULT NULL,
  `san_pham_moi` tinyint(1) DEFAULT '0',
  `anh_dai_dien` text,
  `dong_san_pham` varchar(255) DEFAULT NULL,
  `loai_san_pham` varchar(255) DEFAULT NULL,
  `nhom_san_pham` varchar(255) DEFAULT NULL,
  `don_vi_tinh` varchar(255) DEFAULT NULL,
  `thuong_hieu` varchar(255) DEFAULT NULL,
  `trang_thai` tinyint(1) DEFAULT '1',
  PRIMARY KEY (`ma_san_pham`),
  KEY `fk_sp_th` (`thuong_hieu`),
  KEY `fk_sp_dvt` (`don_vi_tinh`),
  CONSTRAINT `fk_sp_dvt` FOREIGN KEY (`don_vi_tinh`) REFERENCES `donvitinh` (`ma_don_vi`),
  CONSTRAINT `fk_sp_th` FOREIGN KEY (`thuong_hieu`) REFERENCES `thuonghieu` (`ma_thuong_hieu`)
) ENGINE=InnoDB DEFAULT CHARSET=utf8mb4  ;
/*!40101 SET character_set_client = @saved_cs_client */;

--
-- Dumping data for table `sanpham`
--

LOCK TABLES `sanpham` WRITE;
/*!40000 ALTER TABLE `sanpham` DISABLE KEYS */;
INSERT INTO `sanpham` VALUES ('285','Bàn cầu khối 285','','','690x390x740(mm) \ntâm xả 300/400mm',5400000,0,0,0,'/assets/products/285.jpg','thiet-bi-nha-ve-sinh','ban-cau','ban-cau-lien-khoi','cai','khac',1),('3011','Bàn cầu khối 3011','','','670x360x730(mm) \ntâm xả 300/400mm',4100000,0,0,0,'/assets/products/3011.jpg','thiet-bi-nha-ve-sinh','ban-cau','ban-cau-lien-khoi','cai','khac',1),('305','Bàn cầu khối 305','','','670x340x650(mm) \ntâm xả 300/400mm',2800000,0,0,0,'/assets/products/305.jpg','thiet-bi-nha-ve-sinh','ban-cau','ban-cau-lien-khoi','cai','khac',1),('307','Bàn cầu khối 307','','','670x340x710(mm) \ntâm xả 300/400mm',2800000,0,0,0,'/assets/products/307.jpg','thiet-bi-nha-ve-sinh','ban-cau','ban-cau-lien-khoi','cai','khac',1),('5912','Bàn cầu khối 5912','','','700x390x775(mm) \ntâm xả 300/400mm',3300000,0,0,0,'/assets/products/5912.jpg','thiet-bi-nha-ve-sinh','ban-cau','ban-cau-lien-khoi','cai','khac',1),('6033','Cầu sứ liền khối trắng 6033','','','730x385x815(mm) \ntâm xả 300/400mm',5200000,0,0,0,'/assets/products/6033.jpg','thiet-bi-nha-ve-sinh','ban-cau','ban-cau-lien-khoi','cai','khac',1),('8031','Cầu sứ liền khối trắng 8031','','','675x390x755(mm) \ntâm xả 300/400mm',5400000,0,0,0,'/assets/products/8031.jpg','thiet-bi-nha-ve-sinh','ban-cau','ban-cau-lien-khoi','cai','khac',1),('8032','Cầu sứ liền khối trắng 8032','','','660x385x750(mm) \ntâm xả 300/400mm',5200000,0,0,0,'/assets/products/8032.jpg','thiet-bi-nha-ve-sinh','ban-cau','ban-cau-lien-khoi','cai','khac',1),('8033','Cầu sứ liền khối trắng 8033','','','686x396x740(mm) \ntâm xả 300/400mm',5400000,0,0,0,'/assets/products/8033.jpg','thiet-bi-nha-ve-sinh','ban-cau','ban-cau-lien-khoi','cai','khac',1),('8035','Cầu sứ liền khối trắng 8035','','','690x375x660(mm) \ntâm xả 300/400mm',5200000,0,0,0,'/assets/products/8035.jpg','thiet-bi-nha-ve-sinh','ban-cau','ban-cau-lien-khoi','cai','khac',1),('8040','Cầu sứ liền khối trắng 8040','','','720x390x755(mm) \ntâm xả 300/400mm',5200000,0,0,0,'/assets/products/8040.jpg','thiet-bi-nha-ve-sinh','ban-cau','ban-cau-lien-khoi','cai','khac',1),('8051','Cầu sứ liền khối trắng 8051','','','500x360x725(mm) \ntâm xả 300/400mm',5400000,0,0,0,'/assets/products/8051.jpg','thiet-bi-nha-ve-sinh','ban-cau','ban-cau-lien-khoi','cai','khac',1),('8052','Cầu sứ liền khối trắng 8052','','','550x380x740(mm) \ntâm xả 300/400mm',5400000,0,0,0,'/assets/products/8052.jpg','thiet-bi-nha-ve-sinh','ban-cau','ban-cau-lien-khoi','cai','khac',1),('8053','Cầu sứ liền khối trắng 8053','','','700x390x740(mm) \ntâm xả 300/400mm',5400000,0,0,0,'/assets/products/8053.jpg','thiet-bi-nha-ve-sinh','ban-cau','ban-cau-lien-khoi','cai','khac',1),('8054','Cầu sứ liền khối trắng 8054','','','680x365x740(mm) \ntâm xả 300/400mm',5400000,0,0,0,'/assets/products/8054.jpg','thiet-bi-nha-ve-sinh','ban-cau','ban-cau-lien-khoi','cai','khac',1),('8055','Cầu sứ liền khối trắng 8055','','','700x385x750(mm) \ntâm xả 300/400mm',5400000,0,0,0,'/assets/products/8055.jpg','thiet-bi-nha-ve-sinh','ban-cau','ban-cau-lien-khoi','cai','khac',1),('8056','Cầu sứ liền khối trắng 8056','','','720x390x740(mm) \ntâm xả 300/400mm',5400000,0,0,0,'/assets/products/8056.jpg','thiet-bi-nha-ve-sinh','ban-cau','ban-cau-lien-khoi','cai','khac',1),('8057','Cầu sứ liền khối trắng 8057','','','695x380x745(mm) \ntâm xả 300/400mm',5400000,0,0,0,'/assets/products/8057.jpg','thiet-bi-nha-ve-sinh','ban-cau','ban-cau-lien-khoi','cai','khac',1),('8058','Cầu sứ liền khối trắng 8058','','','700x420x630(mm) \ntâm xả 300/400mm',5800000,0,0,0,'/assets/products/8058.jpg','thiet-bi-nha-ve-sinh','ban-cau','ban-cau-lien-khoi','cai','khac',1),('8065','Cầu sứ liền khối trắng 8065','','','tâm xả 300/400mm',5800000,0,0,0,'/assets/products/8065.jpg','thiet-bi-nha-ve-sinh','ban-cau','ban-cau-lien-khoi','cai','khac',1),('813D','Cầu liền khối đá hoa cương đen 813D','','','740x390x690(mm) \ntâm xả 300/400mm',5800000,0,0,0,'/assets/products/813D.jpg','thiet-bi-nha-ve-sinh','ban-cau','ban-cau-lien-khoi','cai','khac',1),('813E','Cầu liền khối đá hoa cương xám 813E','','','740x390x690(mm) \ntâm xả 300/400mm',5800000,0,0,0,'/assets/products/813E.jpg','thiet-bi-nha-ve-sinh','ban-cau','ban-cau-lien-khoi','cai','khac',1),('813L','Cầu liền khối đá hoa cương xanh dương 813L','','','740x390x690(mm) \ntâm xả 300/400mm',5800000,0,0,0,'/assets/products/813L.jpg','thiet-bi-nha-ve-sinh','ban-cau','ban-cau-lien-khoi','cai','khac',1),('813W','Cầu liền khối đá hoa cương xanh rêu 813W','','','740x390x690(mm) \ntâm xả 300/400mm',5800000,0,0,0,'/assets/products/813W.jpg','thiet-bi-nha-ve-sinh','ban-cau','ban-cau-lien-khoi','cai','khac',1),('820','Bàn cầu thông minh JOJOBA 820','','','tâm xả 300/400mm',16000000,0,0,0,'/assets/products/820.jpg','thiet-bi-nha-ve-sinh','ban-cau','ban-cau-thong-minh','cai','khac',1),('853','Bàn cầu thông minh JOJOBA 853','','','tâm xả 300/400mm',19000000,0,0,0,'/assets/products/853.jpg','thiet-bi-nha-ve-sinh','ban-cau','ban-cau-thong-minh','cai','khac',1),('9227','Bàn cầu khối 9227','','','740x390x690(mm) \ntâm xả 300/400mm',5400000,0,0,0,'/assets/products/9227.jpg','thiet-bi-nha-ve-sinh','ban-cau','ban-cau-lien-khoi','cai','khac',1),('9243','Bàn cầu khối 9243','','','740x390x690(mm) \ntâm xả 300/400mm',5400000,0,0,0,'/assets/products/9243.jpg','thiet-bi-nha-ve-sinh','ban-cau','ban-cau-lien-khoi','cai','khac',1),('9268','Bàn cầu trứng 9268','','','660x430x550(mm) \ntâm xả 300/400mm',6200000,0,0,0,'/assets/products/9268A.jpg','thiet-bi-nha-ve-sinh','ban-cau','ban-cau-lien-khoi','cai','khac',1),('9268-1','Bàn cầu khối 9268','','','700x440x750(mm) \ntâm xả 300/400mm',8900000,0,0,0,'/assets/products/9268B.jpg','thiet-bi-nha-ve-sinh','ban-cau','ban-cau-lien-khoi','cai','khac',1),('9999','Bàn cầu khối 9999','','','700x440x750(mm) \ntâm xả 300/400mm',8900000,0,0,0,'/assets/products/9999.jpg','thiet-bi-nha-ve-sinh','ban-cau','ban-cau-lien-khoi','cai','khac',1),('A80','Bàn cầu thông minh JOJOBA A80','','','tâm xả 300/400mm',17000000,0,0,0,'/assets/products/A80.jpg','thiet-bi-nha-ve-sinh','ban-cau','ban-cau-thong-minh','cai','khac',1),('BĐ-01T','Bệ đỡ sứ 01T','','','600x420(mm) \n',1120000,0,0,0,'/assets/products/BĐ-01T.jpg','thiet-bi-nha-ve-sinh','lavabo','be-do-su','cai','khac',1),('BĐ-01T-1','Bệ đỡ sứ 01T','','','700x440(mm) \n',1220000,0,0,0,'/assets/products/BĐ-01T.jpg','thiet-bi-nha-ve-sinh','lavabo','be-do-su','cai','khac',1),('BĐ-01T-2','Bệ đỡ sứ 01T','','','700x490(mm) \n',1320000,0,0,0,'/assets/products/BĐ-01T.jpg','thiet-bi-nha-ve-sinh','lavabo','be-do-su','cai','khac',1),('BĐ-02V','Bệ đỡ sứ 02V','','','600x420(mm) \n',1220000,0,0,0,'/assets/products/BĐ-02V.jpg','thiet-bi-nha-ve-sinh','lavabo','be-do-su','cai','khac',1),('BĐ-02V-1','Bệ đỡ sứ 02V','','','700x440(mm) \n',1320000,0,0,0,'/assets/products/BĐ-02V.jpg','thiet-bi-nha-ve-sinh','lavabo','be-do-su','cai','khac',1),('BĐ-02V-2','Bệ đỡ sứ 02V','','','700x490(mm) \n',1420000,0,0,0,'/assets/products/BĐ-02V.jpg','thiet-bi-nha-ve-sinh','lavabo','be-do-su','cai','khac',1),('BĐ-03Đ','Bệ đỡ sứ 03Đ','','','600x420(mm) \n',1220000,0,0,0,'/assets/products/BĐ-03Đ.jpg','thiet-bi-nha-ve-sinh','lavabo','be-do-su','cai','khac',1),('BĐ-03Đ-1','Bệ đỡ sứ 03Đ','','','700x440(mm) \n',1320000,0,0,0,'/assets/products/BĐ-03Đ.jpg','thiet-bi-nha-ve-sinh','lavabo','be-do-su','cai','khac',1),('BĐ-03Đ-2','Bệ đỡ sứ 03Đ','','','700x490(mm) \n',1420000,0,0,0,'/assets/products/BĐ-03Đ.jpg','thiet-bi-nha-ve-sinh','lavabo','be-do-su','cai','khac',1),('BG-01','Bát bát BG01','','','',30000,0,0,0,'/assets/products/BG-01.jpg','phu-tung-phu-kien','bas-bat-oc','None','cai','khac',1),('BPK6M','Bộ phụ kiện phòng tắm 6 món','','','',2100000,0,0,0,'/assets/products/BPK6M.jpg','phu-tung-phu-kien','phu-kien-nha-tam','None','bo','khac',1),('BT','Bàn thiên','','','250x250(mm) \n',160000,0,0,0,'/assets/products/BT.jpg','thiet-bi-khac','ban-thien','None','cai','khac',1),('BT 01','Bồn nằm BT01','','','1700x1200x550(mm) \n',24400000,0,0,0,'/assets/products/BT 01.jpg','thiet-bi-phong-tam','bon-tam','bon-tam-tinh-yeu','cai','khac',1),('BT 01-1','Bồn nằm BT01','','','1700x1200x550(mm) \n',33400000,0,0,0,'/assets/products/BT 01.jpg','thiet-bi-phong-tam','bon-tam','bon-tam-tinh-yeu','cai','khac',1),('BT 02','Bồn nằm BT02','','','1700x800x580(mm) \n',17600000,0,0,0,'/assets/products/BT 02.jpg','thiet-bi-phong-tam','bon-tam','bon-tam-nam','cai','khac',1),('BT 03','Bồn nằm BT03','','','1700x800x550(mm) \n',23400000,0,0,0,'/assets/products/BT 03.jpg','thiet-bi-phong-tam','bon-tam','bon-tam-nam','cai','khac',1),('BT 04','Bồn nằm BT04','','','1700x800x550(mm) \n',17000000,0,0,0,'/assets/products/BT 04.jpg','thiet-bi-phong-tam','bon-tam','bon-tam-nam','cai','khac',1),('BT 05','Bồn nằm BT05','','','1700x800x580(mm) \n',18600000,0,0,0,'/assets/products/BT 05.jpg','thiet-bi-phong-tam','bon-tam','bon-tam-nam','cai','khac',1),('BT 06','Bồn nằm BT06','','','1700x800x680(mm) \n',23400000,0,0,0,'/assets/products/BT 06.jpg','thiet-bi-phong-tam','bon-tam','bon-tam-nam','cai','khac',1),('BT 07','Bồn nằm BT07','','','1200x1200x440(mm) \n',10660000,0,0,0,'/assets/products/BT 07.jpg','thiet-bi-phong-tam','bon-tam','bon-tam-goc','cai','khac',1),('BT 07-1','Bồn nằm BT07','','','1200x1200x440(mm) \n',21300000,0,0,0,'/assets/products/BT 07.jpg','thiet-bi-phong-tam','bon-tam','bon-tam-goc','cai','khac',1),('BT 07-2','Bồn nằm BT07','','','1200x1200x440(mm) \n',12600000,0,0,0,'/assets/products/BT 07.jpg','thiet-bi-phong-tam','bon-tam','bon-tam-goc','cai','khac',1),('BT 07-3','Bồn nằm BT07','','','1200x1200x440(mm) \n',25800000,0,0,0,'/assets/products/BT 07.jpg','thiet-bi-phong-tam','bon-tam','bon-tam-goc','cai','khac',1),('BT 08','Bồn nằm BT08','','','1700x750x400(mm) \n',9900000,0,0,0,'/assets/products/BT 08.jpg','thiet-bi-phong-tam','bon-tam','bon-tam-nam','cai','khac',1),('BT 08-1','Bồn nằm BT08','','','1700x750x400(mm) \n',20500000,0,0,0,'/assets/products/BT 08.jpg','thiet-bi-phong-tam','bon-tam','bon-tam-nam','cai','khac',1),('BT 08-2','Bồn nằm BT08','','','1700x750x400(mm) \n',12000000,0,0,0,'/assets/products/BT 08.jpg','thiet-bi-phong-tam','bon-tam','bon-tam-nam','cai','khac',1),('BT 08-3','Bồn nằm BT08','','','1700x750x400(mm) \n',24600000,0,0,0,'/assets/products/BT 08.jpg','thiet-bi-phong-tam','bon-tam','bon-tam-nam','cai','khac',1),('BT-02','Bát bát BT02','','','',30000,0,0,0,'/assets/products/BT-02.jpg','phu-tung-phu-kien','bas-bat-oc','None','cai','khac',1),('BT-1','Bàn thiên','','','250x300(mm) \n',170000,0,0,0,'/assets/products/BT.jpg','thiet-bi-khac','ban-thien','None','cai','khac',1),('BT-2','Bàn thiên','','','300x300(mm) \n',180000,0,0,0,'/assets/products/BT.jpg','thiet-bi-khac','ban-thien','None','cai','khac',1),('BT-3','Bàn thiên','','','300x400(mm) \n',190000,0,0,0,'/assets/products/BT.jpg','thiet-bi-khac','ban-thien','None','cai','khac',1),('BT-4','Bàn thiên','','','350x400(mm) \n',200000,0,0,0,'/assets/products/BT.jpg','thiet-bi-khac','ban-thien','None','cai','khac',1),('BT-5','Bàn thiên','','','400x400(mm) \n',210000,0,0,0,'/assets/products/BT.jpg','thiet-bi-khac','ban-thien','None','cai','khac',1),('CB-K70','Lavabo treo tường liền khối CB K70','','','500x460x390(mm) \n',1700000,0,0,0,'/assets/products/CB-K70.jpg','thiet-bi-nha-ve-sinh','lavabo','lavabo-treo-tuong','cai','khac',1),('CBLL','Chân bình lọc la','','','bán kính 270',210000,0,0,0,'/assets/products/CBLL.jpg','thiet-bi-khac','chan-binh-nuoc-loc','None','cai','khac',1),('CBLL-1','Chân bình lọc la','','','bán kính 300',230000,0,0,0,'/assets/products/CBLL.jpg','thiet-bi-khac','chan-binh-nuoc-loc','None','cai','khac',1),('CBLL-2','Chân bình lọc la','','','bán kính 340',250000,0,0,0,'/assets/products/CBLL.jpg','thiet-bi-khac','chan-binh-nuoc-loc','None','cai','khac',1),('CBLL-3','Chân bình lọc la','','','bán kính 370',270000,0,0,0,'/assets/products/CBLL.jpg','thiet-bi-khac','chan-binh-nuoc-loc','None','cai','khac',1),('CBLO','Chân bình lọc ống','','','bán kính 270',150000,0,0,0,'/assets/products/CBLO.jpg','thiet-bi-khac','chan-binh-nuoc-loc','None','cai','khac',1),('CBLO-1','Chân bình lọc ống','','','bán kính 300',170000,0,0,0,'/assets/products/CBLO.jpg','thiet-bi-khac','chan-binh-nuoc-loc','None','cai','khac',1),('CBLO-2','Chân bình lọc ống','','','bán kính 340',190000,0,0,0,'/assets/products/CBLO.jpg','thiet-bi-khac','chan-binh-nuoc-loc','None','cai','khac',1),('CBLO-3','Chân bình lọc ống','','','bán kính 370',210000,0,0,0,'/assets/products/CBLO.jpg','thiet-bi-khac','chan-binh-nuoc-loc','None','cai','khac',1),('CCC','Chân chậu chén','','','750x450x800(mm) \n',540000,0,0,0,'/assets/products/CCC.jpg','thiet-bi-khac','chan-chau-chen','None','cai','khac',1),('CCC-1','Chân chậu chén','','','780x430x800(mm) \n',540000,0,0,0,'/assets/products/CCC.jpg','thiet-bi-khac','chan-chau-chen','None','cai','khac',1),('CCC-2','Chân chậu chén','','','820x450x800(mm) \n',600000,0,0,0,'/assets/products/CCC.jpg','thiet-bi-khac','chan-chau-chen','None','cai','khac',1),('CCC-3','Chân chậu chén','','','1050x450x800(mm) \n',700000,0,0,0,'/assets/products/CCC.jpg','thiet-bi-khac','chan-chau-chen','None','cai','khac',1),('CL-01A','Vòi rửa chén LB 01A','','','',150000,0,0,0,'/assets/products/CL-01A.jpg','phu-tung-phu-kien','voi-nuoc','voi-rua-chen','cai','khac',1),('CL-01B','Vòi rửa chén LB 01B','','','',195000,0,0,0,'/assets/products/CL-01A.jpg','phu-tung-phu-kien','voi-nuoc','voi-rua-chen','cai','khac',1),('CL-02A','Vòi rửa chén LB 02A','','','',196000,0,0,0,'/assets/products/CL-02A.jpg','phu-tung-phu-kien','voi-nuoc','voi-rua-chen','cai','khac',1),('CL-02B','Vòi rửa chén LB 02B','','','',220000,0,0,0,'/assets/products/CL-02A.jpg','phu-tung-phu-kien','voi-nuoc','voi-rua-chen','cai','khac',1),('CL-03A','Vòi rửa chén LB 03A','','','',270000,0,0,0,'/assets/products/CL-03A.jpg','phu-tung-phu-kien','voi-nuoc','voi-rua-chen','cai','khac',1),('CL-04A','Vòi rửa chén LB 04A','','','',260000,0,0,0,'/assets/products/CL-04A.jpg','phu-tung-phu-kien','voi-nuoc','voi-rua-chen','cai','khac',1),('CL-04B','Vòi rửa chén LB 04B','','','',290000,0,0,0,'/assets/products/CL-04A.jpg','phu-tung-phu-kien','voi-nuoc','voi-rua-chen','cai','khac',1),('CL-05A','Vòi rửa chén LB 05A','','','',260000,0,0,0,'/assets/products/CL-05A.jpg','phu-tung-phu-kien','voi-nuoc','voi-rua-chen','cai','khac',1),('CL-05B','Vòi rửa chén LB 05B','','','',310000,0,0,0,'/assets/products/CL-05A.jpg','phu-tung-phu-kien','voi-nuoc','voi-rua-chen','cai','khac',1),('CL-06A','Vòi rửa chén LB 06A','','','',260000,0,0,0,'/assets/products/CL-06A.jpg','phu-tung-phu-kien','voi-nuoc','voi-rua-chen','cai','khac',1),('CL-06B','Vòi rửa chén LB 06B','','','',310000,0,0,0,'/assets/products/CL-06A.jpg','phu-tung-phu-kien','voi-nuoc','voi-rua-chen','cai','khac',1),('CL-07A','Vòi rửa chén LB 07A','','','',260000,0,0,0,'/assets/products/CL-07A.jpg','phu-tung-phu-kien','voi-nuoc','voi-rua-chen','cai','khac',1),('CL-07B','Vòi rửa chén LB 07B','','','',310000,0,0,0,'/assets/products/CL-07A.jpg','phu-tung-phu-kien','voi-nuoc','voi-rua-chen','cai','khac',1),('CL-08A','Vòi rửa chén LB 08A','','','',280000,0,0,0,'/assets/products/CL-08A.jpg','phu-tung-phu-kien','voi-nuoc','voi-rua-chen','cai','khac',1),('CL-08B','Vòi rửa chén LB 08B','','','',310000,0,0,0,'/assets/products/CL-08A.jpg','phu-tung-phu-kien','voi-nuoc','voi-rua-chen','cai','khac',1),('CL-09A','Vòi rửa chén LB 09A','','','',280000,0,0,0,'/assets/products/CL-09A.jpg','phu-tung-phu-kien','voi-nuoc','voi-rua-chen','cai','khac',1),('CL-10A','Vòi rửa chén LB 10A','','','',310000,0,0,0,'/assets/products/CL-10A.jpg','phu-tung-phu-kien','voi-nuoc','voi-rua-chen','cai','khac',1),('CL-10B','Vòi rửa chén LB 10B','','','',380000,0,0,0,'/assets/products/CL-10A.jpg','phu-tung-phu-kien','voi-nuoc','voi-rua-chen','cai','khac',1),('CL-11A','Vòi rửa chén LB 11A','','','',290000,0,0,0,'/assets/products/CL-11A.jpg','phu-tung-phu-kien','voi-nuoc','voi-rua-chen','cai','khac',1),('CL-11B','Vòi rửa chén LB 11B','','','',360000,0,0,0,'/assets/products/CL-11A.jpg','phu-tung-phu-kien','voi-nuoc','voi-rua-chen','cai','khac',1),('CL-12','Vòi chén CL12','','','',230000,0,0,0,'/assets/products/CL-12.jpg','phu-tung-phu-kien','voi-nuoc','voi-rua-chen','cai','khac',1),('CL-13A','Vòi rửa chén LB 13A','','','',290000,0,0,0,'/assets/products/CL-13A.jpg','phu-tung-phu-kien','voi-nuoc','voi-rua-chen','cai','khac',1),('CL-13B','Vòi rửa chén LB 13B','','','',310000,0,0,0,'/assets/products/CL-13A.jpg','phu-tung-phu-kien','voi-nuoc','voi-rua-chen','cai','khac',1),('CL-14','Vòi chén CL14','','','',360000,0,0,0,'/assets/products/CL-14.jpg','phu-tung-phu-kien','voi-nuoc','voi-rua-chen','cai','khac',1),('CL-15','Vòi chén CL15','','','',260000,0,0,0,'/assets/products/CL-15.jpg','phu-tung-phu-kien','voi-nuoc','voi-rua-chen','cai','khac',1),('CL-16','Vòi chén CL16','','','',980000,0,0,0,'/assets/products/CL-16.jpg','phu-tung-phu-kien','voi-nuoc','voi-rua-chen','cai','khac',1),('CL-17','Vòi chén CL17','','','',360000,0,0,0,'/assets/products/CL-17.jpg','phu-tung-phu-kien','voi-nuoc','voi-rua-chen','cai','khac',1),('CL-18','Vòi chén CL18','','','',380000,0,0,0,'/assets/products/CL-18.jpg','phu-tung-phu-kien','voi-nuoc','voi-rua-chen','cai','khac',1),('CL-19','Vòi chén CL19','','','',700000,0,0,0,'/assets/products/CL-19.jpg','phu-tung-phu-kien','voi-nuoc','voi-rua-chen','cai','khac',1),('CL-20','Vòi chén CL20','','','',500000,0,0,0,'/assets/products/CL-20.jpg','phu-tung-phu-kien','voi-nuoc','voi-rua-chen','cai','khac',1),('CL-21','Vòi chén CL21','','','',390000,0,0,0,'/assets/products/CL-21.jpg','phu-tung-phu-kien','voi-nuoc','voi-rua-chen','cai','khac',1),('CL-21A','Vòi rửa chén LB 21A','','','',190000,0,0,0,'/assets/products/CL-21A.jpg','phu-tung-phu-kien','voi-nuoc','voi-rua-chen','cai','khac',1),('CL-22','Vòi chén CL22','','','',380000,0,0,0,'/assets/products/CL-22.jpg','phu-tung-phu-kien','voi-nuoc','voi-rua-chen','cai','khac',1),('CL-23','Vòi chén CL23','','','',310000,0,0,0,'/assets/products/CL-23.jpg','phu-tung-phu-kien','voi-nuoc','voi-rua-chen','cai','khac',1),('CL-24','Vòi chén CL24','','','',650000,0,0,0,'/assets/products/CL-24.jpg','phu-tung-phu-kien','voi-nuoc','voi-rua-chen','cai','khac',1),('CL-25','Vòi chén CL25','','','',540000,0,0,0,'/assets/products/CL-25.jpg','phu-tung-phu-kien','voi-nuoc','voi-rua-chen','cai','khac',1),('CL-26','Vòi chén CL26','','','',540000,0,0,0,'/assets/products/CL-26.jpg','phu-tung-phu-kien','voi-nuoc','voi-rua-chen','cai','khac',1),('CL-27','Vòi chén CL27','','','',250000,0,0,0,'/assets/products/CL-27.jpg','phu-tung-phu-kien','voi-nuoc','voi-rua-chen','cai','khac',1),('CL-28','Vòi chén CL28','','','',448000,0,0,0,'/assets/products/CL-28.jpg','phu-tung-phu-kien','voi-nuoc','voi-rua-chen','cai','khac',1),('CL-29','Vòi chén CL29','','','',448000,0,0,0,'/assets/products/CL-29.jpg','phu-tung-phu-kien','voi-nuoc','voi-rua-chen','cai','khac',1),('CL-30','Vòi chén CL30','','','',250000,0,0,0,'/assets/products/CL-30.jpg','phu-tung-phu-kien','voi-nuoc','voi-rua-chen','cai','khac',1),('CL-31','Vòi chén CL31','','','',338000,0,0,0,'/assets/products/CL-31.jpg','phu-tung-phu-kien','voi-nuoc','voi-rua-chen','cai','khac',1),('CNL-01','Vòi rửa chén CNL-01','','','',780000,0,0,0,'/assets/products/CNL-01.jpg','phu-tung-phu-kien','voi-nuoc','voi-rua-chen','cai','khac',1),('CNL-02','Vòi rửa chén CNL-02','','','',1700000,0,0,0,'/assets/products/CNL-02.jpg','phu-tung-phu-kien','voi-nuoc','voi-rua-chen','cai','khac',1),('CNL-03','Vòi rửa chén CNL-03','','','',980000,0,0,0,'/assets/products/CNL-03.jpg','phu-tung-phu-kien','voi-nuoc','voi-rua-chen','cai','khac',1),('CNL-04','Vòi rửa chén CNL-04','','','',1050000,0,0,0,'/assets/products/CNL-04.jpg','phu-tung-phu-kien','voi-nuoc','voi-rua-chen','cai','khac',1),('CNL-05','Vòi rửa chén CNL-05','','','',980000,0,0,0,'/assets/products/CNL-05.jpg','phu-tung-phu-kien','voi-nuoc','voi-rua-chen','cai','khac',1),('CNL-06','Vòi rửa chén CNL-06','','','',2200000,0,0,0,'/assets/products/CNL-06.jpg','phu-tung-phu-kien','voi-nuoc','voi-rua-chen','cai','khac',1),('CNL-07','Vòi rửa chén CNL-07','','','',2700000,0,0,0,'/assets/products/CNL-07.jpg','phu-tung-phu-kien','voi-nuoc','voi-rua-chen','cai','khac',1),('CNL-08','Vòi rửa chén CNL-08','','','',1150000,0,0,0,'/assets/products/CNL-08.jpg','phu-tung-phu-kien','voi-nuoc','voi-rua-chen','cai','khac',1),('CNL-09','Vòi rửa chén CNL-09','','','',780000,0,0,0,'/assets/products/CNL-09.jpg','phu-tung-phu-kien','voi-nuoc','voi-rua-chen','cai','khac',1),('CNL-10','Vòi rửa chén CNL-10','','','',780000,0,0,0,'/assets/products/CNL-10.jpg','phu-tung-phu-kien','voi-nuoc','voi-rua-chen','cai','khac',1),('CNL-11','Vòi rửa chén CNL-11','','','',1180000,0,0,0,'/assets/products/CNL-11.jpg','phu-tung-phu-kien','voi-nuoc','voi-rua-chen','cai','khac',1),('CNL-12','Vòi rửa chén CNL-12','','','',1180000,0,0,0,'/assets/products/CNL-12.jpg','phu-tung-phu-kien','voi-nuoc','voi-rua-chen','cai','khac',1),('CNL-13','Vòi rửa chén CNL-13','','','',980000,0,0,0,'/assets/products/CNL-13.jpg','phu-tung-phu-kien','voi-nuoc','voi-rua-chen','cai','khac',1),('CNL-14','Vòi rửa chén CNL-14','','','',980000,0,0,0,'/assets/products/CNL-14.jpg','phu-tung-phu-kien','voi-nuoc','voi-rua-chen','cai','khac',1),('CNL-15','Vòi rửa chén CNL-15','','','',1280000,0,0,0,'/assets/products/CNL-15.jpg','phu-tung-phu-kien','voi-nuoc','voi-rua-chen','cai','khac',1),('CNL-16','Vòi rửa chén CNL-16','','','',2280000,0,0,0,'/assets/products/CNL-16.jpg','phu-tung-phu-kien','voi-nuoc','voi-rua-chen','cai','khac',1),('CS-01A','Củ sen tắm LB 01A','','','',150000,0,0,0,'/assets/products/CS-01A.jpg','thiet-bi-phong-tam','cu-sen','cu-sen','bo','khac',1),('CS-01B','Củ sen tắm LB 01B','','','',188000,0,0,0,'/assets/products/CS-01A.jpg','thiet-bi-phong-tam','cu-sen','cu-sen','bo','khac',1),('CS-02','Củ tắm CS02','','','',268000,0,0,0,'/assets/products/CS-02.jpg','thiet-bi-phong-tam','cu-sen','cu-sen','bo','khac',1),('CS-03','Củ tắm CS03','','','',268000,0,0,0,'/assets/products/CS-03.jpg','thiet-bi-phong-tam','cu-sen','cu-sen','bo','khac',1),('CS-04A','Củ sen tắm LB 04A','','','',250000,0,0,0,'/assets/products/CS-04A.jpg','thiet-bi-phong-tam','cu-sen','cu-sen','bo','khac',1),('CS-04B','Củ sen tắm LB 04B','','','',280000,0,0,0,'/assets/products/CS-04A.jpg','thiet-bi-phong-tam','cu-sen','cu-sen','bo','khac',1),('CS-05A','Củ sen tắm LB 05A','','','',270000,0,0,0,'/assets/products/CS-05A.jpg','thiet-bi-phong-tam','cu-sen','cu-sen','bo','khac',1),('CS-05B','Củ sen tắm LB 05B','','','',300000,0,0,0,'/assets/products/CS-05B.jpg','thiet-bi-phong-tam','cu-sen','cu-sen','bo','khac',1),('CS-06A','Củ sen tắm LB 06A','','','',270000,0,0,0,'/assets/products/CS-06A.jpg','thiet-bi-phong-tam','cu-sen','cu-sen','bo','khac',1),('CS-06B','Củ sen tắm LB 06B','','','',300000,0,0,0,'/assets/products/CS-06B.jpg','thiet-bi-phong-tam','cu-sen','cu-sen','bo','khac',1),('CS-07A','Củ sen tắm LB 07A','','','',270000,0,0,0,'/assets/products/CS-07A.jpg','thiet-bi-phong-tam','cu-sen','cu-sen','bo','khac',1),('CS-07B','Củ sen tắm LB 07B','','','',300000,0,0,0,'/assets/products/CS-07B.jpg','thiet-bi-phong-tam','cu-sen','cu-sen','bo','khac',1),('CS-08A','Củ sen tắm LB 08A','','','',270000,0,0,0,'/assets/products/CS-08A.jpg','thiet-bi-phong-tam','cu-sen','cu-sen','bo','khac',1),('CS-08B','Củ sen tắm LB 08B','','','',300000,0,0,0,'/assets/products/CS-08B.jpg','thiet-bi-phong-tam','cu-sen','cu-sen','bo','khac',1),('CS-09','Củ sen tắm CS09','','','',330000,0,0,0,'/assets/products/CS-09.jpg','thiet-bi-phong-tam','cu-sen','cu-sen','bo','khac',1),('CS-10','Củ sen tắm CS10','','','',330000,0,0,0,'/assets/products/CS-10.jpg','thiet-bi-phong-tam','cu-sen','cu-sen','bo','khac',1),('CS-11','Củ sen tắm CS11','','','',330000,0,0,0,'/assets/products/CS-11.jpg','thiet-bi-phong-tam','cu-sen','cu-sen','bo','khac',1),('CS-12','Củ sen tắm CS12','','','',330000,0,0,0,'/assets/products/CS-12.jpg','thiet-bi-phong-tam','cu-sen','cu-sen','bo','khac',1),('CS-13','Củ sen tắm CS13','','','',268000,0,0,0,'/assets/products/CS-13.jpg','thiet-bi-phong-tam','cu-sen','cu-sen','bo','khac',1),('CS-14','Củ sen tắm CS14','','','',120000,0,0,0,'/assets/products/CS-14.jpg','thiet-bi-phong-tam','cu-sen','cu-sen','bo','khac',1),('DC-01','Dây ống DC01','','','400(mm) \n',34000,0,0,0,'/assets/products/DC-01.jpg','phu-tung-phu-kien','day-cap-nuoc','None','cai','khac',1),('DC-01-1','Dây ống DC01','','','500(mm) \n',36000,0,0,0,'/assets/products/DC-01.jpg','phu-tung-phu-kien','day-cap-nuoc','None','cai','khac',1),('DC-01-2','Dây ống DC01','','','600(mm) \n',38000,0,0,0,'/assets/products/DC-01.jpg','phu-tung-phu-kien','day-cap-nuoc','None','cai','khac',1),('DC-01-3','Dây ống DC01','','','800(mm) \n',42000,0,0,0,'/assets/products/DC-01.jpg','phu-tung-phu-kien','day-cap-nuoc','None','cai','khac',1),('DC-02','Dây ống DC02','','','400(mm) \n',42000,0,0,0,'/assets/products/DC-02.jpg','phu-tung-phu-kien','day-cap-nuoc','None','cai','khac',1),('DC-02-1','Dây ống DC02','','','500(mm) \n',45000,0,0,0,'/assets/products/DC-02.jpg','phu-tung-phu-kien','day-cap-nuoc','None','cai','khac',1),('DC-02-2','Dây ống DC02','','','600(mm) \n',48000,0,0,0,'/assets/products/DC-02.jpg','phu-tung-phu-kien','day-cap-nuoc','None','cai','khac',1),('DC-03','Dây ống DC03','','','400(mm) \n',40000,0,0,0,'/assets/products/DC-03.jpg','phu-tung-phu-kien','day-cap-nuoc','None','cai','khac',1),('DC-03-1','Dây ống DC03','','','500(mm) \n',44000,0,0,0,'/assets/products/DC-03.jpg','phu-tung-phu-kien','day-cap-nuoc','None','cai','khac',1),('DC-03-2','Dây ống DC03','','','600(mm) \n',48000,0,0,0,'/assets/products/DC-03.jpg','phu-tung-phu-kien','day-cap-nuoc','None','cai','khac',1),('DC-05','Lavabo sứ DC05','','','410x410x800(mm) \n',4200000,0,0,0,'/assets/products/DC-05.jpg','thiet-bi-nha-ve-sinh','lavabo','lavabo-tru','cai','khac',1),('DL-860','Lavabo treo tường liền khối DL 860','','','510x450x330(mm) \n',1700000,0,0,0,'/assets/products/DL-860.jpg','thiet-bi-nha-ve-sinh','lavabo','lavabo-treo-tuong','cai','khac',1),('F-304','Van khóa F304','','','',98000,0,0,0,'/assets/products/F-304.jpg','phu-tung-phu-kien','van-khoa','None','cai','khac',1),('G1048','Lavabo sứ G1048','','','620x510x880(mm) \n',6200000,0,0,0,'/assets/products/G1048.jpg','thiet-bi-nha-ve-sinh','lavabo','lavabo-tru','cai','khac',1),('G1T-01','Góc 1 tầng-01','','','',308000,0,0,0,'/assets/products/G1T-01.jpg','phu-tung-phu-kien','phu-kien-nha-tam','goc','cai','khac',1),('G1T-02','Góc 1 tầng-02','','','',328000,0,0,0,'/assets/products/G1T-02.jpg','phu-tung-phu-kien','phu-kien-nha-tam','goc','cai','khac',1),('G2T-01','Góc 2 tầng-01','','','',478000,0,0,0,'/assets/products/G2T-01.jpg','phu-tung-phu-kien','phu-kien-nha-tam','goc','cai','khac',1),('G2T-02','Góc 2 tầng-02','','','',600000,0,0,0,'/assets/products/G2T-02.jpg','phu-tung-phu-kien','phu-kien-nha-tam','goc','cai','khac',1),('G989','Bồn cầu G989','','','680x390x930(mm) \n',18000000,0,0,0,'/assets/products/G989.jpg','thiet-bi-nha-ve-sinh','bon-cau','bon-cau-lien-khoi','cai','khac',1),('G999','Bồn cầu G999','','','760x400x780(mm) \n',9800000,0,0,0,'/assets/products/G999.jpg','thiet-bi-nha-ve-sinh','bon-cau','bon-cau-lien-khoi','cai','khac',1),('GCL1T-01','Góc chân la 1 tầng-01','','','',130000,0,0,0,'/assets/products/GCL1T-01.jpg','phu-tung-phu-kien','phu-kien-nha-tam','goc','cai','khac',1),('GCL1T-01-1','Góc chân la 1 tầng-01','','','',190000,0,0,0,'/assets/products/GCL1T-01.jpg','phu-tung-phu-kien','phu-kien-nha-tam','goc','cai','khac',1),('GCL2T-02','Góc chân la 2 tầng-02','','','200x200(mm) \n',210000,0,0,0,'/assets/products/GCL2T-02.jpg','phu-tung-phu-kien','phu-kien-nha-tam','goc','cai','khac',1),('GCL2T-02-1','Góc chân la 2 tầng-02','','','250x250(mm) \n',230000,0,0,0,'/assets/products/GCL2T-02.jpg','phu-tung-phu-kien','phu-kien-nha-tam','goc','cai','khac',1),('GCL2T-02-2','Góc chân la 2 tầng-02','','','200x250(mm) \n',340000,0,0,0,'/assets/products/GCL2T-02.jpg','phu-tung-phu-kien','phu-kien-nha-tam','goc','cai','khac',1),('GCL2T-02-3','Góc chân la 2 tầng-02','','','250x250(mm) \n',400000,0,0,0,'/assets/products/GCL2T-02.jpg','phu-tung-phu-kien','phu-kien-nha-tam','goc','cai','khac',1),('GCL3T-04','Góc chân la 3 tầng-04','','','',320000,0,0,0,'/assets/products/GCL3T-04.jpg','phu-tung-phu-kien','phu-kien-nha-tam','goc','cai','khac',1),('GCL3T-04-1','Góc chân la 3 tầng-04','','','',360000,0,0,0,'/assets/products/GCL3T-04.jpg','phu-tung-phu-kien','phu-kien-nha-tam','goc','cai','khac',1),('GCL3T-04-2','Góc chân la 3 tầng-04','','','',560000,0,0,0,'/assets/products/GCL3T-04.jpg','phu-tung-phu-kien','phu-kien-nha-tam','goc','cai','khac',1),('GCL3T-04-3','Góc chân la 3 tầng-04','','','',640000,0,0,0,'/assets/products/GCL3T-04.jpg','phu-tung-phu-kien','phu-kien-nha-tam','goc','cai','khac',1),('GDDB-13','Gương dây da Bò 100% -13','','','600x600(mm) \n',860000,0,0,0,'/assets/products/GDDB-13.jpg','phu-tung-phu-kien','guong-soi','None','cai','khac',1),('GDDB-14','Gương dây da Bò 100% -14','','','600x600(mm) \n',860000,0,0,0,'/assets/products/GDDB-14.jpg','phu-tung-phu-kien','guong-soi','None','cai','khac',1),('GĐL-01','Gương led GĐL01','','','600x600(mm) \n',1500000,0,0,0,'/assets/products/GĐL-01.jpg','phu-tung-phu-kien','guong-soi','None','cai','khac',1),('GĐL-02','Gương led GĐL02','','','600x600(mm) \n',1500000,0,0,0,'/assets/products/GĐL-02.jpg','phu-tung-phu-kien','guong-soi','None','cai','khac',1),('GĐL-03','Gương led GĐL03','','','600x600(mm) \n',1800000,0,0,0,'/assets/products/GĐL-03.jpg','phu-tung-phu-kien','guong-soi','None','cai','khac',1),('GĐL-04','Gương led GĐL04','','','600x600(mm) \n',1800000,0,0,0,'/assets/products/GĐL-04.jpg','phu-tung-phu-kien','guong-soi','None','cai','khac',1),('GĐL-05','Gương led GĐL05','','','600x600(mm) \n',1500000,0,0,0,'/assets/products/GĐL-05.jpg','phu-tung-phu-kien','guong-soi','None','cai','khac',1),('GĐL-06','Gương led GĐL06','','','600x600(mm) \n',1500000,0,0,0,'/assets/products/GĐL-06.jpg','phu-tung-phu-kien','guong-soi','None','cai','khac',1),('GĐL-07','Gương led GĐL07','','','600x600(mm) \n',1500000,0,0,0,'/assets/products/GĐL-07.jpg','phu-tung-phu-kien','guong-soi','None','cai','khac',1),('GĐL-08','Gương led GĐL08','','','600x600(mm) \n',1500000,0,0,0,'/assets/products/GĐL-08.jpg','phu-tung-phu-kien','guong-soi','None','cai','khac',1),('GĐL-09','Gương led GĐL09','','','600x800(mm) \n',1900000,0,0,0,'/assets/products/GĐL-09.jpg','phu-tung-phu-kien','guong-soi','None','cai','khac',1),('GĐL-10','Gương led GĐL10','','','500x700(mm) \n',1500000,0,0,0,'/assets/products/GĐL-10.jpg','phu-tung-phu-kien','guong-soi','None','cai','khac',1),('GĐL-11','Gương led GĐL11','','','600x800(mm) \n',1700000,0,0,0,'/assets/products/GĐL-11.jpg','phu-tung-phu-kien','guong-soi','None','cai','khac',1),('GĐL-12','Gương led GĐL12','','','500x700(mm) \n',1800000,0,0,0,'/assets/products/GĐL-12.jpg','phu-tung-phu-kien','guong-soi','None','cai','khac',1),('GV-15','Gương viền GV-15','','','600x600(mm) \n',700000,0,0,0,'/assets/products/GV-15.jpg','phu-tung-phu-kien','guong-soi','None','cai','khac',1),('GV-16','Gương viền GV-16','','','500x700(mm) \n',700000,0,0,0,'/assets/products/GV-16.jpg','phu-tung-phu-kien','guong-soi','None','cai','khac',1),('GVG','Gương viền gỗ','','','500x700(mm) \n',700000,0,0,0,'/assets/products/GVG.jpg','phu-tung-phu-kien','guong-soi','None','cai','khac',1),('GXBL2T-03','Góc xà bông la 2 tầng-03','','','200x200(mm) \n',230000,0,0,0,'/assets/products/GXBL2T-03.jpg','phu-tung-phu-kien','phu-kien-nha-tam','goc','cai','khac',1),('GXBL2T-03-1','Góc xà bông la 2 tầng-03','','','250x250(mm) \n',250000,0,0,0,'/assets/products/GXBL2T-03.jpg','phu-tung-phu-kien','phu-kien-nha-tam','goc','cai','khac',1),('GXBL2T-03-2','Góc xà bông la 2 tầng-03','','','200x250(mm) \n',360000,0,0,0,'/assets/products/GXBL2T-03.jpg','phu-tung-phu-kien','phu-kien-nha-tam','goc','cai','khac',1),('GXBL2T-03-3','Góc xà bông la 2 tầng-03','','','250x250(mm) \n',420000,0,0,0,'/assets/products/GXBL2T-03.jpg','phu-tung-phu-kien','phu-kien-nha-tam','goc','cai','khac',1),('GXBL3T-05','Góc xà bông la 3 tầng-05','','','',340000,0,0,0,'/assets/products/GXBL3T-05.jpg','phu-tung-phu-kien','phu-kien-nha-tam','goc','cai','khac',1),('GXBL3T-05-1','Góc xà bông la 3 tầng-05','','','',380000,0,0,0,'/assets/products/GXBL3T-05.jpg','phu-tung-phu-kien','phu-kien-nha-tam','goc','cai','khac',1),('GXBL3T-05-2','Góc xà bông la 3 tầng-05','','','',540000,0,0,0,'/assets/products/GXBL3T-05.jpg','phu-tung-phu-kien','phu-kien-nha-tam','goc','cai','khac',1),('GXBL3T-05-3','Góc xà bông la 3 tầng-05','','','',620000,0,0,0,'/assets/products/GXBL3T-05.jpg','phu-tung-phu-kien','phu-kien-nha-tam','goc','cai','khac',1),('GXBO3T-06','Góc xà bông ống 3 tầng-06','','','',100000,0,0,0,'/assets/products/GXBO3T-06.jpg','phu-tung-phu-kien','phu-kien-nha-tam','goc','cai','khac',1),('GXBO3T-06-1','Góc xà bông ống 3 tầng-06','','','',160000,0,0,0,'/assets/products/GXBO3T-06.jpg','phu-tung-phu-kien','phu-kien-nha-tam','goc','cai','khac',1),('HA-01','Chậu đá Granite HA-01','','','780x500x230(mm) \n',2080000,0,0,0,'/assets/products/HA-01.jpg','thiet-bi-nha-bep','chau-rua-chen','chau-da','cai','khac',1),('HA-02','Chậu đá Granite HA-02','','','780x490x230(mm) \n',2580000,0,0,0,'/assets/products/HA-02.jpg','thiet-bi-nha-bep','chau-rua-chen','chau-da','cai','khac',1),('HA-03','Chậu đá Granite HA-03','','','1000x500x230(mm) \n',2480000,0,0,0,'/assets/products/HA-03.jpg','thiet-bi-nha-bep','chau-rua-chen','chau-da','cai','khac',1),('HA-04','Chậu đá Granite HA-04','','','1002x500x230(mm) \n',2680000,0,0,0,'/assets/products/HA-04.jpg','thiet-bi-nha-bep','chau-rua-chen','chau-da','cai','khac',1),('HA-05','Chậu đá Granite HA-05','','','780x480x230(mm) \n',2880000,0,0,0,'/assets/products/HA-05.jpg','thiet-bi-nha-bep','chau-rua-chen','chau-da','cai','khac',1),('HA-06','Chậu đá Granite HA-06','','','900x500x230(mm) \n',2880000,0,0,0,'/assets/products/HA-06.jpg','thiet-bi-nha-bep','chau-rua-chen','chau-da','cai','khac',1),('HA-07','Chậu đá Granite HA-07','','','850x490x230(mm) \n',3080000,0,0,0,'/assets/products/HA-07.jpg','thiet-bi-nha-bep','chau-rua-chen','chau-da','cai','khac',1),('HA-08','Chậu đá Granite HA-08','','','930x490x230(mm) \n',3080000,0,0,0,'/assets/products/HA-08.jpg','thiet-bi-nha-bep','chau-rua-chen','chau-da','cai','khac',1),('HA-09','Chậu đá Granite HA-09','','','860x480x230(mm) \n',3080000,0,0,0,'/assets/products/HA-09.jpg','thiet-bi-nha-bep','chau-rua-chen','chau-da','cai','khac',1),('HA-10','Chậu đá Granite HA-10','','','830x500x230(mm) \n',3080000,0,0,0,'/assets/products/HA-10.jpg','thiet-bi-nha-bep','chau-rua-chen','chau-da','cai','khac',1),('HA-10048','Chậu rửa chén HA-10048','','','1000x480x230(mm) \n',3880000,0,0,0,'/assets/products/HA-10048.jpg','thiet-bi-nha-bep','chau-rua-chen','chau-inox','cai','khac',1),('HA-10048R','Chậu rửa chén HA-10048R','','','1000x480x230(mm) \n',4280000,0,0,0,'/assets/products/HA-10048R.jpg','thiet-bi-nha-bep','chau-rua-chen','chau-inox','cai','khac',1),('HA-10445','Chậu rửa chén HA-10445','','','1040x450x230(mm) \n',980000,0,0,0,'/assets/products/HA-10445.jpg','thiet-bi-nha-bep','chau-rua-chen','chau-inox','cai','khac',1),('HA-12050','Chậu rửa chén HA-12050','','','1200x500x230(mm) \n',2180000,0,0,0,'/assets/products/HA-12050.jpg','thiet-bi-nha-bep','chau-rua-chen','chau-inox','cai','khac',1),('HA-14','Chậu đá Granite ','','','1200x500x240(mm) \n',3680000,0,0,0,'/assets/products/HA-14.jpg','thiet-bi-nha-bep','chau-rua-chen','chau-da','cai','khac',1),('HA-16','Chậu đá Granite ','','','1100x500x230(mm) \n',3880000,0,0,0,'/assets/products/HA-16.jpg','thiet-bi-nha-bep','chau-rua-chen','chau-da','cai','khac',1),('HA-6043','Chậu rửa chén HA-6043','','','600x430x230(mm) \n',520000,0,0,0,'/assets/products/HA-6043.jpg','thiet-bi-nha-bep','chau-rua-chen','chau-inox','cai','khac',1),('HA-6045','Chậu rửa chén HA-6045','','','600x450x230(mm) \n',2280000,0,0,0,'/assets/products/HA-6045.jpg','thiet-bi-nha-bep','chau-rua-chen','chau-inox','cai','khac',1),('HA-7545','Chậu rửa chén HA-7545','','','750x450x230(mm) \n',680000,0,0,0,'/assets/products/HA-7545.jpg','thiet-bi-nha-bep','chau-rua-chen','chau-inox','cai','khac',1),('HA-7843','Chậu rửa chén HA-7843','','','780x430x230(mm) \n',680000,0,0,0,'/assets/products/HA-7843.jpg','thiet-bi-nha-bep','chau-rua-chen','chau-inox','cai','khac',1),('HA-8143','Chậu rửa chén HA-8143','','','810x430x230(mm) \n',980000,0,0,0,'/assets/products/HA-8143.jpg','thiet-bi-nha-bep','chau-rua-chen','chau-inox','cai','khac',1),('HA-8245D','Chậu rửa chén HA-8245D','','','820x450x230(mm) \n',2880000,0,0,0,'/assets/products/HA-8245D.jpg','thiet-bi-nha-bep','chau-rua-chen','chau-inox','cai','khac',1),('HA-8245T','Chậu rửa chén HA-8245T','','','820x450x230(mm) \n',3080000,0,0,0,'/assets/products/HA-8245T.jpg','thiet-bi-nha-bep','chau-rua-chen','chau-inox','cai','khac',1),('HA-8248C','Chậu rửa chén HA-8248','','','820x480x230(mm) \n',2680000,0,0,0,'/assets/products/HA-8248C.jpg','thiet-bi-nha-bep','chau-rua-chen','chau-inox','cai','khac',1),('HA-N  1048C','Chậu rửa inox 304 phủ nano HA-Nano 10048C','','','1000x480x230(mm) \n',4280000,0,0,0,'/assets/products/HA-N  1048C.jpg','thiet-bi-nha-bep','chau-rua-chen','chau-inox','cai','khac',1),('HA-N 1004R','Chậu rửa inox 304 phủ nano HA-Nano 1004R','','','1000x480x230(mm) \n',4680000,0,0,0,'/assets/products/HA-N 1004R.jpg','thiet-bi-nha-bep','chau-rua-chen','chau-inox','cai','khac',1),('HA-N 7845','Chậu rửa inox 304 phủ nano HA-Nano 7845','','','780x450x230(mm) \n',3480000,0,0,0,'/assets/products/HA-N 7845.jpg','thiet-bi-nha-bep','chau-rua-chen','chau-inox','cai','khac',1),('HA-N 8245','Chậu rửa inox 304 phủ nano HA-Nano 8245','','','820x450x230(mm) \n',3480000,0,0,0,'/assets/products/HA-N 8245.jpg','thiet-bi-nha-bep','chau-rua-chen','chau-inox','cai','khac',1),('HG-01','Hộp ga HG01','','','150x150(mm) \n',128000,0,0,0,'/assets/products/HG-01.jpg','phu-tung-phu-kien','phu-kien-nha-ve-sinh','hop-ga','cai','khac',1),('HG-02','Hộp ga HG02','','','150x150(mm) \n',170000,0,0,0,'/assets/products/HG-02.jpg','phu-tung-phu-kien','phu-kien-nha-ve-sinh','hop-ga','cai','khac',1),('HG-03','Hộp ga HG03','','','150x150(mm) \n',310000,0,0,0,'/assets/products/HG-03.jpg','phu-tung-phu-kien','phu-kien-nha-ve-sinh','hop-ga','cai','khac',1),('HG01-304','Hộp giấy 01-inox 304','','','',190000,0,0,0,'/assets/products/HG01-304.jpg','phu-tung-phu-kien','phu-kien-nha-tam','hop-giay','cai','khac',1),('HG02-304','Hộp giấy 02-inox304','','','',268000,0,0,0,'/assets/products/HG02-304.jpg','phu-tung-phu-kien','phu-kien-nha-tam','hop-giay','cai','khac',1),('HG03-304','Hộp giấy 03-inox 304','','','',270000,0,0,0,'/assets/products/HG03-304.jpg','phu-tung-phu-kien','phu-kien-nha-tam','hop-giay','cai','khac',1),('HG15X15','Hố ga HG15X15','','','',330000,0,0,0,'/assets/products/HG15X15.jpg','phu-tung-phu-kien','phu-kien-nha-ve-sinh','ho-ga','cai','khac',1),('HG8X20X','Hố ga HG8X20X','','','',270000,0,0,0,'/assets/products/HG8X20X.jpg','phu-tung-phu-kien','phu-kien-nha-ve-sinh','ho-ga','cai','khac',1),('HG8X30X','Hố ga HG8X30X','','','',290000,0,0,0,'/assets/products/HG8X20X.jpg','phu-tung-phu-kien','phu-kien-nha-ve-sinh','ho-ga','cai','khac',1),('KCB','Khay chén bếp','','','410x660(mm) \n',2000000,0,0,0,'/assets/products/KCB.jpg','thiet-bi-nha-bep','do-dung-nha-bep','khay-chen','cai','khac',1),('KCB-1','Khay chén bếp','','','410x760(mm) \n',2100000,0,0,0,'/assets/products/KCB.jpg','thiet-bi-nha-bep','do-dung-nha-bep','khay-chen','cai','khac',1),('KCBCUD','Khay chén bếp có úp dĩa','','','410x660(mm) \n',2100000,0,0,0,'/assets/products/KCBCUD.jpg','thiet-bi-nha-bep','do-dung-nha-bep','khay-chen','cai','khac',1),('KCBCUD-1','Khay chén bếp có úp dĩa','','','410x760(mm) \n',2200000,0,0,0,'/assets/products/KCBCUD.jpg','thiet-bi-nha-bep','do-dung-nha-bep','khay-chen','cai','khac',1),('KCDB1T','Kệ chén đặt bàn 1 tầng','','','900x300x500(mm) \n',1900000,0,0,0,'/assets/products/KCDB1T.jpg','thiet-bi-nha-bep','do-dung-nha-bep','ro-chen','cai','khac',1),('KCDB1T-1','Kệ chén đặt bàn 1 tầng','','','1100x300x500(mm) \n',2300000,0,0,0,'/assets/products/KCDB1T.jpg','thiet-bi-nha-bep','do-dung-nha-bep','ro-chen','cai','khac',1),('KCDB2T','Kệ chén đặt bàn 2 tầng','','','900x300x700(mm) \n',2700000,0,0,0,'/assets/products/KCDB2T.jpg','thiet-bi-nha-bep','do-dung-nha-bep','ro-chen','cai','khac',1),('KCDB2T-1','Kệ chén đặt bàn 2 tầng','','','1100x300x700(mm) \n',3300000,0,0,0,'/assets/products/KCDB2T.jpg','thiet-bi-nha-bep','do-dung-nha-bep','ro-chen','cai','khac',1),('KCDB2TXD','Kệ chén đặt bàn 2 tầng xi đen','','','',1700000,0,0,0,'/assets/products/KCDB2TXD.jpg','thiet-bi-nha-bep','do-dung-nha-bep','ro-chen','cai','khac',1),('KCL-05','Kệ chén la-05','','','400x600(mm) \n2 tầng',600000,0,0,0,'/assets/products/KCL-05.jpg','thiet-bi-nha-bep','do-dung-nha-bep','ro-chen','cai','khac',1),('KCL-05-1','Kệ chén la-05','','','400x600(mm) \n3 tầng',840000,0,0,0,'/assets/products/KCL-05.jpg','thiet-bi-nha-bep','do-dung-nha-bep','ro-chen','cai','khac',1),('KCL-05-2','Kệ chén la-05','','','400x600(mm) \n4 tầng',1040000,0,0,0,'/assets/products/KCL-05.jpg','thiet-bi-nha-bep','do-dung-nha-bep','ro-chen','cai','khac',1),('KCL-05-3','Kệ chén la-05','','','400x600(mm) \n5 tầng',1240000,0,0,0,'/assets/products/KCL-05.jpg','thiet-bi-nha-bep','do-dung-nha-bep','ro-chen','cai','khac',1),('KCL-05-4','Kệ chén la-05','','','400x600(mm) \n2 tầng',1500000,0,0,0,'/assets/products/KCL-05.jpg','thiet-bi-nha-bep','do-dung-nha-bep','ro-chen','cai','khac',1),('KCL-05-5','Kệ chén la-05','','','400x600(mm) \n3 tầng',1900000,0,0,0,'/assets/products/KCL-05.jpg','thiet-bi-nha-bep','do-dung-nha-bep','ro-chen','cai','khac',1),('KCL-05-6','Kệ chén la-05','','','400x600(mm) \n4 tầng',2300000,0,0,0,'/assets/products/KCL-05.jpg','thiet-bi-nha-bep','do-dung-nha-bep','ro-chen','cai','khac',1),('KCL-05-7','Kệ chén la-05','','','400x600(mm) \n5 tầng',2700000,0,0,0,'/assets/products/KCL-05.jpg','thiet-bi-nha-bep','do-dung-nha-bep','ro-chen','cai','khac',1),('KCLT-04','Kệ chén la thẻ-04','','','400x600(mm) \n2 tầng',840000,0,0,0,'/assets/products/KCLT-04.jpg','thiet-bi-nha-bep','do-dung-nha-bep','ro-chen','cai','khac',1),('KCLT-04-1','Kệ chén la thẻ-04','','','400x600(mm) \n3 tầng',1040000,0,0,0,'/assets/products/KCLT-04.jpg','thiet-bi-nha-bep','do-dung-nha-bep','ro-chen','cai','khac',1),('KCLT-04-2','Kệ chén la thẻ-04','','','400x600(mm) \n4 tầng',1240000,0,0,0,'/assets/products/KCLT-04.jpg','thiet-bi-nha-bep','do-dung-nha-bep','ro-chen','cai','khac',1),('KCLT-04-3','Kệ chén la thẻ-04','','','400x600(mm) \n5 tầng',1440000,0,0,0,'/assets/products/KCLT-04.jpg','thiet-bi-nha-bep','do-dung-nha-bep','ro-chen','cai','khac',1),('KCO-01','Kệ chén ống-01','','','300x500(mm) \n2 tầng',340000,0,0,0,'/assets/products/KCO-01.jpg','thiet-bi-nha-bep','do-dung-nha-bep','treo-chen','cai','khac',1),('KCO-01-1','Kệ chén ống-01','','','300x500(mm) \n3 tầng',480000,0,0,0,'/assets/products/KCO-01.jpg','thiet-bi-nha-bep','do-dung-nha-bep','treo-chen','cai','khac',1),('KCO-01-2','Kệ chén ống-01','','','300x500(mm) \n4 tầng',620000,0,0,0,'/assets/products/KCO-01.jpg','thiet-bi-nha-bep','do-dung-nha-bep','treo-chen','cai','khac',1),('KCO-01-3','Kệ chén ống-01','','','300x500(mm) \n5 tầng',760000,0,0,0,'/assets/products/KCO-01.jpg','thiet-bi-nha-bep','do-dung-nha-bep','treo-chen','cai','khac',1),('KCO-01-4','Kệ chén ống-01','','','300x500(mm) \n2 tầng',700000,0,0,0,'/assets/products/KCO-01.jpg','thiet-bi-nha-bep','do-dung-nha-bep','treo-chen','cai','khac',1),('KCO-01-5','Kệ chén ống-01','','','300x500(mm) \n3 tầng',900000,0,0,0,'/assets/products/KCO-01.jpg','thiet-bi-nha-bep','do-dung-nha-bep','treo-chen','cai','khac',1),('KCO-01-6','Kệ chén ống-01','','','300x500(mm) \n4 tầng',1100000,0,0,0,'/assets/products/KCO-01.jpg','thiet-bi-nha-bep','do-dung-nha-bep','treo-chen','cai','khac',1),('KCO-01-7','Kệ chén ống-01','','','300x500(mm) \n5 tầng',1300000,0,0,0,'/assets/products/KCO-01.jpg','thiet-bi-nha-bep','do-dung-nha-bep','treo-chen','cai','khac',1),('KCO-02','Kệ chén ống-02','','','400x600(mm) \n2 tầng',420000,0,0,0,'/assets/products/KCO-02.jpg','thiet-bi-nha-bep','do-dung-nha-bep','treo-chen','cai','khac',1),('KCO-02-1','Kệ chén ống-02','','','400x600(mm) \n3 tầng',560000,0,0,0,'/assets/products/KCO-02.jpg','thiet-bi-nha-bep','do-dung-nha-bep','treo-chen','cai','khac',1),('KCO-02-2','Kệ chén ống-02','','','400x600(mm) \n4 tầng',760000,0,0,0,'/assets/products/KCO-02.jpg','thiet-bi-nha-bep','do-dung-nha-bep','treo-chen','cai','khac',1),('KCO-02-3','Kệ chén ống-02','','','400x600(mm) \n5 tầng',960000,0,0,0,'/assets/products/KCO-02.jpg','thiet-bi-nha-bep','do-dung-nha-bep','treo-chen','cai','khac',1),('KCO-03','Kệ chén ống-03','','','400x600(mm) \n2 tầng',900000,0,0,0,'/assets/products/KCO-03.jpg','thiet-bi-nha-bep','do-dung-nha-bep','treo-chen','cai','khac',1),('KCO-03-1','Kệ chén ống-03','','','400x600(mm) \n3 tầng',1160000,0,0,0,'/assets/products/KCO-03.jpg','thiet-bi-nha-bep','do-dung-nha-bep','treo-chen','cai','khac',1),('KCO-03-2','Kệ chén ống-03','','','400x600(mm) \n4 tầng',1420000,0,0,0,'/assets/products/KCO-03.jpg','thiet-bi-nha-bep','do-dung-nha-bep','treo-chen','cai','khac',1),('KCO-03-3','Kệ chén ống-03','','','400x600(mm) \n5 tầng',1720000,0,0,0,'/assets/products/KCO-03.jpg','thiet-bi-nha-bep','do-dung-nha-bep','treo-chen','cai','khac',1),('KDL','Kệ dép la','','','2 tầng',280000,0,0,0,'/assets/products/KDL.jpg','thiet-bi-khac','ke-dep','None','cai','khac',1),('KDL-1','Kệ dép la','','','3 tầng',380000,0,0,0,'/assets/products/KDL.jpg','thiet-bi-khac','ke-dep','None','cai','khac',1),('KDL-2','Kệ dép la','','','4 tầng',480000,0,0,0,'/assets/products/KDL.jpg','thiet-bi-khac','ke-dep','None','cai','khac',1),('KDL-3','Kệ dép la','','','5 tầng',580000,0,0,0,'/assets/products/KDL.jpg','thiet-bi-khac','ke-dep','None','cai','khac',1),('KDLT','Kệ dép la thẻ','','','2 tầng',460000,0,0,0,'/assets/products/KDLT.jpg','thiet-bi-khac','ke-dep','None','cai','khac',1),('KDLT-1','Kệ dép la thẻ','','','3 tầng',560000,0,0,0,'/assets/products/KDLT.jpg','thiet-bi-khac','ke-dep','None','cai','khac',1),('KDLT-2','Kệ dép la thẻ','','','4 tầng',660000,0,0,0,'/assets/products/KDLT.jpg','thiet-bi-khac','ke-dep','None','cai','khac',1),('KDLT-3','Kệ dép la thẻ','','','5 tầng',760000,0,0,0,'/assets/products/KDLT.jpg','thiet-bi-khac','ke-dep','None','cai','khac',1),('KDO','Kệ dép ống','','','3 tầng',280000,0,0,0,'/assets/products/KDO.jpg','thiet-bi-khac','ke-dep','None','cai','khac',1),('KDO-1','Kệ dép ống','','','4 tầng',340000,0,0,0,'/assets/products/KDO.jpg','thiet-bi-khac','ke-dep','None','cai','khac',1),('KDO-2','Kệ dép ống','','','5 tầng',400000,0,0,0,'/assets/products/KDO.jpg','thiet-bi-khac','ke-dep','None','cai','khac',1),('KDO-3','Kệ dép ống','','','6 tầng',460000,0,0,0,'/assets/products/KDO.jpg','thiet-bi-khac','ke-dep','None','cai','khac',1),('KGVL2T','Kệ gia vị la 2 tầng','','','200x400(mm) \n',320000,0,0,0,'/assets/products/KGVL2T.jpg','thiet-bi-nha-bep','do-dung-nha-bep','treo-gia-vi','cai','khac',1),('KGVL2T-1','Kệ gia vị la 2 tầng','','','200x500(mm) \n',360000,0,0,0,'/assets/products/KGVL2T.jpg','thiet-bi-nha-bep','do-dung-nha-bep','treo-gia-vi','cai','khac',1),('KGVL2T-2','Kệ gia vị la 2 tầng','','','200x600(mm) \n',400000,0,0,0,'/assets/products/KGVL2T.jpg','thiet-bi-nha-bep','do-dung-nha-bep','treo-gia-vi','cai','khac',1),('KGVL2T-3','Kệ gia vị la 2 tầng','','','200x400(mm) \n',540000,0,0,0,'/assets/products/KGVL2T.jpg','thiet-bi-nha-bep','do-dung-nha-bep','treo-gia-vi','cai','khac',1),('KGVL2T-4','Kệ gia vị la 2 tầng','','','200x500(mm) \n',600000,0,0,0,'/assets/products/KGVL2T.jpg','thiet-bi-nha-bep','do-dung-nha-bep','treo-gia-vi','cai','khac',1),('KGVL2T-5','Kệ gia vị la 2 tầng','','','200x600(mm) \n',660000,0,0,0,'/assets/products/KGVL2T.jpg','thiet-bi-nha-bep','do-dung-nha-bep','treo-gia-vi','cai','khac',1),('KPT2T-304','Kệ phòng tắm 2 tầng-inox 304','','','150x500(mm) \n',660000,0,0,0,'/assets/products/KPT2T-304.jpg','phu-tung-phu-kien','phu-kien-nha-tam','None','cai','khac',1),('KSOLEO','Kệ sole ống','','','150x200x400(mm) \n',220000,0,0,0,'/assets/products/KSOLEO.jpg','thiet-bi-nha-bep','do-dung-nha-bep','treo-gia-vi','cai','khac',1),('KSOLEO-1','Kệ sole ống','','','150x200x500(mm) \n',240000,0,0,0,'/assets/products/KSOLEO.jpg','thiet-bi-nha-bep','do-dung-nha-bep','treo-gia-vi','cai','khac',1),('KSOLEO-2','Kệ sole ống','','','150x200x600(mm) \n',260000,0,0,0,'/assets/products/KSOLEO.jpg','thiet-bi-nha-bep','do-dung-nha-bep','treo-gia-vi','cai','khac',1),('KSOLEO-3','Kệ sole ống','','','150x200x400(mm) \n',330000,0,0,0,'/assets/products/KSOLEO.jpg','thiet-bi-nha-bep','do-dung-nha-bep','treo-gia-vi','cai','khac',1),('KSOLEO-4','Kệ sole ống','','','150x200x500(mm) \n',370000,0,0,0,'/assets/products/KSOLEO.jpg','thiet-bi-nha-bep','do-dung-nha-bep','treo-gia-vi','cai','khac',1),('KSOLEO-5','Kệ sole ống','','','150x200x600(mm) \n',390000,0,0,0,'/assets/products/KSOLEO.jpg','thiet-bi-nha-bep','do-dung-nha-bep','treo-gia-vi','cai','khac',1),('LB 431','Tủ lavabo LB431','','','430x350x420(mm) \n',2300000,0,0,0,'/assets/products/LB 431.jpg','thiet-bi-nha-ve-sinh','lavabo','tu-lavabo','cai','khac',1),('LB-01HV','Lavabo sứ LB 01HV','','','410x410x155(mm) \n',1500000,0,0,0,'/assets/products/LB-01HV.jpg','thiet-bi-nha-ve-sinh','lavabo','lavabo-dat-ban','cai','khac',1),('LB-02HV','Lavabo sứ LB 02HV','','','480x370x130(mm) \n',1500000,0,0,0,'/assets/products/LB-02HV.jpg','thiet-bi-nha-ve-sinh','lavabo','lavabo-dat-ban','cai','khac',1),('LB-03HV','Lavabo sứ LB 03HV','','','600x400x150(mm) \n',1600000,0,0,0,'/assets/products/LB-03HV.jpg','thiet-bi-nha-ve-sinh','lavabo','lavabo-dat-ban','cai','khac',1),('LB-04CN','Lavabo sứ LB 04CN','','','410x410x155(mm) \n',1300000,0,0,0,'/assets/products/LB-04CN.jpg','thiet-bi-nha-ve-sinh','lavabo','lavabo-dat-ban','cai','khac',1),('LB-05CN','Lavabo sứ LB 05CN','','','480x370x130(mm) \n',1300000,0,0,0,'/assets/products/LB-05CN.jpg','thiet-bi-nha-ve-sinh','lavabo','lavabo-dat-ban','cai','khac',1),('LB-06HV','Lavabo sứ LB 06HV','','','480x370x130(mm) \n',1300000,0,0,0,'/assets/products/LB-06HV.jpg','thiet-bi-nha-ve-sinh','lavabo','lavabo-dat-ban','cai','khac',1),('LB-5030','Lavabo sứ LB5030','','','480x370x130(mm) \n',1300000,0,0,0,'/assets/products/LB-5030.jpg','thiet-bi-nha-ve-sinh','lavabo','lavabo-dat-ban','cai','khac',1),('LB-5103','Lavabo sứ LB5103','','','600x400x150(mm) \n',3300000,0,0,0,'/assets/products/LB-5103.jpg','thiet-bi-nha-ve-sinh','lavabo','lavabo-dat-ban','cai','khac',1),('LB-5115','Lavabo sứ LB5115','','','480x370x130(mm) \n',1400000,0,0,0,'/assets/products/LB-5115.jpg','thiet-bi-nha-ve-sinh','lavabo','lavabo-dat-ban','cai','khac',1),('LB-C08','Lavabo sứ LB C08','','','420x350x840(mm) \n',5800000,0,0,0,'/assets/products/LB-C08.jpg','thiet-bi-nha-ve-sinh','lavabo','lavabo-tru','cai','khac',1),('LB-C12','Lavabo treo tường liền khối LB-C12','','','500x450x390(mm) \n',2700000,0,0,0,'/assets/products/LB-C12.jpg','thiet-bi-nha-ve-sinh','lavabo','lavabo-treo-tuong','cai','khac',1),('LB-D10','Lavabo sứ LB D10','','','500x355x140(mm) \n',1900000,0,0,0,'/assets/products/LB-D10.jpg','thiet-bi-nha-ve-sinh','lavabo','lavabo-dat-ban','cai','khac',1),('LB-DN01','Lavabo sứ LB DN01','','','600x400x150(mm) \n',2000000,0,0,0,'/assets/products/LB-DN01.jpg','thiet-bi-nha-ve-sinh','lavabo','lavabo-dat-ban','cai','khac',1),('LB-DN02','Lavabo sứ LB DN02','','','480x350x130(mm) \n',1900000,0,0,0,'/assets/products/LB-DN02.jpg','thiet-bi-nha-ve-sinh','lavabo','lavabo-dat-ban','cai','khac',1),('LB-DN03','Lavabo sứ LB DN03','','','600x400x150(mm) \n',2000000,0,0,0,'/assets/products/LB-DN03.jpg','thiet-bi-nha-ve-sinh','lavabo','lavabo-dat-ban','cai','khac',1),('LB-DN04','Lavabo sứ LB DN04','','','440x440x150(mm) \n',1850000,0,0,0,'/assets/products/LB-DN04.jpg','thiet-bi-nha-ve-sinh','lavabo','lavabo-dat-ban','cai','khac',1),('LB-DN05','Lavabo sứ LB DN05','','','410x410x150(mm) \n',1600000,0,0,0,'/assets/products/LB-DN05.jpg','thiet-bi-nha-ve-sinh','lavabo','lavabo-dat-ban','cai','khac',1),('LB-DN07','Lavabo sứ LB DN07','','','560x340x150(mm) \n',2400000,0,0,0,'/assets/products/LB-DN07.jpg','thiet-bi-nha-ve-sinh','lavabo','lavabo-dat-ban','cai','khac',1),('LB-DN08','Lavabo sứ LB DN08','','','500x360x160(mm) \n',2200000,0,0,0,'/assets/products/LB-DN08.jpg','thiet-bi-nha-ve-sinh','lavabo','lavabo-dat-ban','cai','khac',1),('LB-DN10','Lavabo sứ LB DN10','','','560x340x150(mm) \n',2400000,0,0,0,'/assets/products/LB-DN10.jpg','thiet-bi-nha-ve-sinh','lavabo','lavabo-dat-ban','cai','khac',1),('LB-DN11','Lavabo sứ LB DN11','','','400x400x150(mm) \n',1900000,0,0,0,'/assets/products/LB-DN11.jpg','thiet-bi-nha-ve-sinh','lavabo','lavabo-dat-ban','cai','khac',1),('LB-DN13','Lavabo sứ LB DN13','','','400x400x150(mm) \n',1900000,0,0,0,'/assets/products/LB-DN13.jpg','thiet-bi-nha-ve-sinh','lavabo','lavabo-dat-ban','cai','khac',1),('LB-M28','Lavabo sứ LB M28','','','460x360x135(mm) \n',2100000,0,0,0,'/assets/products/LB-M28.jpg','thiet-bi-nha-ve-sinh','lavabo','lavabo-dat-ban','cai','khac',1),('LB-M32','Lavabo sứ LB M32','','','475x370x130(mm) \n',2100000,0,0,0,'/assets/products/LB-M32.jpg','thiet-bi-nha-ve-sinh','lavabo','lavabo-dat-ban','cai','khac',1),('LB-T01','Lavabo sứ LB T01','','','600x400x200(mm) \n',1750000,0,0,0,'/assets/products/LB-T01.jpg','thiet-bi-nha-ve-sinh','lavabo','lavabo-dat-ban','cai','khac',1),('LB-T02','Lavabo sứ LB T02','','','520x410x165(mm) \n',1680000,0,0,0,'/assets/products/LB-T02.jpg','thiet-bi-nha-ve-sinh','lavabo','lavabo-dat-ban','cai','khac',1),('LB-T03','Lavabo sứ LB T03','','','590x410x200(mm) \n',1680000,0,0,0,'/assets/products/LB-T03.jpg','thiet-bi-nha-ve-sinh','lavabo','lavabo-dat-ban','cai','khac',1),('LB-T04','Lavabo sứ LB T04','','','620x420x160(mm) \n',1880000,0,0,0,'/assets/products/LB-T04.jpg','thiet-bi-nha-ve-sinh','lavabo','lavabo-dat-ban','cai','khac',1),('LB-T05','Lavabo sứ LB T05','','','660x440x145(mm) \n',1720000,0,0,0,'/assets/products/LB-T05.jpg','thiet-bi-nha-ve-sinh','lavabo','lavabo-dat-ban','cai','khac',1),('LB-T06','Lavabo sứ LB T06','','','460x460x160(mm) \n',1820000,0,0,0,'/assets/products/LB-T06.jpg','thiet-bi-nha-ve-sinh','lavabo','lavabo-dat-ban','cai','khac',1),('LB-T07','Lavabo sứ LB T07','','','660x460x120(mm) \n',1880000,0,0,0,'/assets/products/LB-T07A.jpg','thiet-bi-nha-ve-sinh','lavabo','lavabo-dat-ban','cai','khac',1),('LB-T07-1','Lavabo sứ LB T07','','','480x370x130(mm) \n',900000,0,0,0,'/assets/products/LB-T07B.jpg','thiet-bi-nha-ve-sinh','lavabo','lavabo-dat-ban','cai','khac',1),('LB-T08','Lavabo sứ LB T08','','','460x460x200(mm) \n',1720000,0,0,0,'/assets/products/LB-T08A.jpg','thiet-bi-nha-ve-sinh','lavabo','lavabo-dat-ban','cai','khac',1),('LB-T08-1','Lavabo sứ LB T08','','','410x410x155(mm) \n',900000,0,0,0,'/assets/products/LB-T08B.jpg','thiet-bi-nha-ve-sinh','lavabo','lavabo-dat-ban','cai','khac',1),('LB-T09','Lavabo sứ LB T09','','','480x420x130(mm) \n',2120000,0,0,0,'/assets/products/LB-T09.jpg','thiet-bi-nha-ve-sinh','lavabo','lavabo-dat-ban','cai','khac',1),('LB-T10','Lavabo sứ LB T10','','','640x410x140(mm) \n',2260000,0,0,0,'/assets/products/LB-T10.jpg','thiet-bi-nha-ve-sinh','lavabo','lavabo-dat-ban','cai','khac',1),('LB-T11','Lavabo sứ LB T11','','','520x370x140(mm) \n',2560000,0,0,0,'/assets/products/LB-T11.jpg','thiet-bi-nha-ve-sinh','lavabo','lavabo-dat-ban','cai','khac',1),('LB-T12','Lavabo sứ LB T12','','','560x355x120(mm) \n',3080000,0,0,0,'/assets/products/LB-T12.jpg','thiet-bi-nha-ve-sinh','lavabo','lavabo-dat-ban','cai','khac',1),('LB-T13','Lavabo sứ LB T13','','','600x400x150(mm) \n',2320000,0,0,0,'/assets/products/LB-T13.jpg','thiet-bi-nha-ve-sinh','lavabo','lavabo-dat-ban','cai','khac',1),('LB-T14','Lavabo sứ LB T14','','','600x400x150(mm) \n',2580000,0,0,0,'/assets/products/LB-T14.jpg','thiet-bi-nha-ve-sinh','lavabo','lavabo-dat-ban','cai','khac',1),('LB-T15','Lavabo sứ LB T15','','','450x450x180(mm) \n',2180000,0,0,0,'/assets/products/LB-T15.jpg','thiet-bi-nha-ve-sinh','lavabo','lavabo-dat-ban','cai','khac',1),('LB-T16','Lavabo sứ LB T16','','','580x390x210(mm) \n',2180000,0,0,0,'/assets/products/LB-T16.jpg','thiet-bi-nha-ve-sinh','lavabo','lavabo-dat-ban','cai','khac',1),('LB-T17','Lavabo sứ LB T17','','','600x440x170(mm) \n',2280000,0,0,0,'/assets/products/LB-T17.jpg','thiet-bi-nha-ve-sinh','lavabo','lavabo-dat-ban','cai','khac',1),('LB-T18','Lavabo sứ LB T18','','','500x390x135(mm) \n',2280000,0,0,0,'/assets/products/LB-T18.jpg','thiet-bi-nha-ve-sinh','lavabo','lavabo-dat-ban','cai','khac',1),('LB-T19','Lavabo sứ LB T19','','','600x425x155(mm) \n',2280000,0,0,0,'/assets/products/LB-T19.jpg','thiet-bi-nha-ve-sinh','lavabo','lavabo-dat-ban','cai','khac',1),('LB-T20','Lavabo sứ LB T20','','','475x370x130(mm) \n',1780000,0,0,0,'/assets/products/LB-T20.jpg','thiet-bi-nha-ve-sinh','lavabo','lavabo-dat-ban','cai','khac',1),('LB-T21','Lavabo sứ LB T21','','','560x420x145(mm) \n',2580000,0,0,0,'/assets/products/LB-T21.jpg','thiet-bi-nha-ve-sinh','lavabo','lavabo-dat-ban','cai','khac',1),('LB-T22','Lavabo sứ LB T22','','','660x440x145(mm) \n',1880000,0,0,0,'/assets/products/LB-T22.jpg','thiet-bi-nha-ve-sinh','lavabo','lavabo-dat-ban','cai','khac',1),('LB-T23','Lavabo sứ LB T23','','','720x380x125(mm) \n',2980000,0,0,0,'/assets/products/LB-T23.jpg','thiet-bi-nha-ve-sinh','lavabo','lavabo-dat-ban','cai','khac',1),('LB-T24','Lavabo sứ LB T24','','','550x330x200(mm) \n',2580000,0,0,0,'/assets/products/LB-T24.jpg','thiet-bi-nha-ve-sinh','lavabo','lavabo-dat-ban','cai','khac',1),('LB-T4200','Lavabo treo tường liền khối LB-T4200','','','535x445x380(mm) \n',1700000,0,0,0,'/assets/products/LB-T4200.jpg','thiet-bi-nha-ve-sinh','lavabo','lavabo-treo-tuong','cai','khac',1),('LB989','Lavabo sứ LB989','','','720x600x930(mm) \n',16000000,0,0,0,'/assets/products/LB989.jpg','thiet-bi-nha-ve-sinh','lavabo','lavabo-tru','cai','khac',1),('LC-C11','Lavabo sứ LB C11','','','420x350x840(mm) \n',6600000,0,0,0,'/assets/products/LC-C11.jpg','thiet-bi-nha-ve-sinh','lavabo','lavabo-tru','cai','khac',1),('LNL-01','Vòi lavabo LNL01','','','',780000,0,0,0,'/assets/products/LNL-01.jpg','phu-tung-phu-kien','voi-nuoc','voi-lavabo','cai','khac',1),('LNL-02','Vòi lavabo LNL02','','','',1360000,0,0,0,'/assets/products/LNL-02.jpg','phu-tung-phu-kien','voi-nuoc','voi-lavabo','cai','khac',1),('LNL-03','Vòi lavabo LNL03','','','',1700000,0,0,0,'/assets/products/LNL-03.jpg','phu-tung-phu-kien','voi-nuoc','voi-lavabo','cai','khac',1),('LNL-04','Vòi lavabo LNL04','','','',780000,0,0,0,'/assets/products/LNL-04.jpg','phu-tung-phu-kien','voi-nuoc','voi-lavabo','cai','khac',1),('LNL-05','Vòi lavabo LNL04','','','',1380000,0,0,0,'/assets/products/LNL-05.jpg','phu-tung-phu-kien','voi-nuoc','voi-lavabo','cai','khac',1),('LNL-06','Vòi lavabo LNL06','','','',780000,0,0,0,'/assets/products/LNL-06.jpg','phu-tung-phu-kien','voi-nuoc','voi-lavabo','cai','khac',1),('LNL-06-1','Vòi lavabo LNL06','','','',880000,0,0,0,'/assets/products/LNL-06(30).jpg','phu-tung-phu-kien','voi-nuoc','voi-lavabo','cai','khac',1),('LNL-07','Vòi lavabo LNL07','','','',920000,0,0,0,'/assets/products/LNL-07.jpg','phu-tung-phu-kien','voi-nuoc','voi-lavabo','cai','khac',1),('LNL-08','Vòi lavabo LNL08','','','',1360000,0,0,0,'/assets/products/LNL-08.jpg','phu-tung-phu-kien','voi-nuoc','voi-lavabo','cai','khac',1),('LNL-08-1','Vòi lavabo LNL08','','','',1660000,0,0,0,'/assets/products/LNL-08(30).jpg','phu-tung-phu-kien','voi-nuoc','voi-lavabo','cai','khac',1),('LNL-09','Vòi lavabo LNL09','','','',850000,0,0,0,'/assets/products/LNL-09.jpg','phu-tung-phu-kien','voi-nuoc','voi-lavabo','cai','khac',1),('LNL-09-1','Vòi lavabo LNL09','','','',950000,0,0,0,'/assets/products/LNL-09(30).jpg','phu-tung-phu-kien','voi-nuoc','voi-lavabo','cai','khac',1),('LNL-10','Vòi lavabo LNL10','','','',820000,0,0,0,'/assets/products/LNL-10.jpg','phu-tung-phu-kien','voi-nuoc','voi-lavabo','cai','khac',1),('LNL-11','Vòi lavabo LNL11','','','',520000,0,0,0,'/assets/products/LNL-11.jpg','phu-tung-phu-kien','voi-nuoc','voi-lavabo','cai','khac',1),('LNL-12','Vòi lavabo LNL12','','','',1480000,0,0,0,'/assets/products/LNL-12.jpg','phu-tung-phu-kien','voi-nuoc','voi-lavabo','cai','khac',1),('LNL-13','Vòi lavabo LNL13','','','',1160000,0,0,0,'/assets/products/LNL-13.jpg','phu-tung-phu-kien','voi-nuoc','voi-lavabo','cai','khac',1),('LNL-13-1','Vòi lavabo LNL13','','','',1260000,0,0,0,'/assets/products/LNL-13(30).jpg','phu-tung-phu-kien','voi-nuoc','voi-lavabo','cai','khac',1),('LNL-14','Vòi lavabo LNL14','','','',780000,0,0,0,'/assets/products/LNL-14.jpg','phu-tung-phu-kien','voi-nuoc','voi-lavabo','cai','khac',1),('LNL-14-1','Vòi lavabo LNL14','','','',880000,0,0,0,'/assets/products/LNL-14(30).jpg','phu-tung-phu-kien','voi-nuoc','voi-lavabo','cai','khac',1),('LNL-15','Vòi lavabo LNL15','','','',850000,0,0,0,'/assets/products/LNL-15.jpg','phu-tung-phu-kien','voi-nuoc','voi-lavabo','cai','khac',1),('LNL-15-1','Vòi lavabo LNL15','','','',950000,0,0,0,'/assets/products/LNL-15(30).jpg','phu-tung-phu-kien','voi-nuoc','voi-lavabo','cai','khac',1),('LV-01','Vòi lavabo LV01','','','',194000,0,0,0,'/assets/products/LV-01.jpg','phu-tung-phu-kien','voi-nuoc','voi-lavabo','cai','khac',1),('LV-02','Vòi lavabo LV02','','','',194000,0,0,0,'/assets/products/LV-02.jpg','phu-tung-phu-kien','voi-nuoc','voi-lavabo','cai','khac',1),('LV-03','Vòi lavabo LV03','','','',228000,0,0,0,'/assets/products/LV-03.jpg','phu-tung-phu-kien','voi-nuoc','voi-lavabo','cai','khac',1),('LV-04A','Vòi lavabo LB 04A','','','',248000,0,0,0,'/assets/products/LV-04A.jpg','phu-tung-phu-kien','voi-nuoc','voi-lavabo','cai','khac',1),('LV-04B','Vòi lavabo LB 04B','','','',298000,0,0,0,'/assets/products/LV-04A.jpg','phu-tung-phu-kien','voi-nuoc','voi-lavabo','cai','khac',1),('LV-05A','Vòi lavabo LB 05A','','','',240000,0,0,0,'/assets/products/LV-05A.jpg','phu-tung-phu-kien','voi-nuoc','voi-lavabo','cai','khac',1),('LV-05B','Vòi lavabo LB 05B','','','',298000,0,0,0,'/assets/products/LV-05A.jpg','phu-tung-phu-kien','voi-nuoc','voi-lavabo','cai','khac',1),('LV-06A','Vòi lavabo LB 06A','','','',248000,0,0,0,'/assets/products/LV-06A.jpg','phu-tung-phu-kien','voi-nuoc','voi-lavabo','cai','khac',1),('LV-06B','Vòi lavabo LB 06B','','','',298000,0,0,0,'/assets/products/LV-06A.jpg','phu-tung-phu-kien','voi-nuoc','voi-lavabo','cai','khac',1),('LV-07A','Vòi lavabo LB 07A','','','',248000,0,0,0,'/assets/products/LV-07A.jpg','phu-tung-phu-kien','voi-nuoc','voi-lavabo','cai','khac',1),('LV-07B','Vòi lavabo LB 07B','','','',298000,0,0,0,'/assets/products/LV-07A.jpg','phu-tung-phu-kien','voi-nuoc','voi-lavabo','cai','khac',1),('LV-08A','Vòi lavabo LB 08A','','','',248000,0,0,0,'/assets/products/LV-08A.jpg','phu-tung-phu-kien','voi-nuoc','voi-lavabo','cai','khac',1),('LV-08B','Vòi lavabo LB 08B','','','',298000,0,0,0,'/assets/products/LV-08A.jpg','phu-tung-phu-kien','voi-nuoc','voi-lavabo','cai','khac',1),('LV-09A','Vòi lavabo LB 09A','','','',248000,0,0,0,'/assets/products/LV-09A.jpg','phu-tung-phu-kien','voi-nuoc','voi-lavabo','cai','khac',1),('LV-09B','Vòi lavabo LB 09B','','','',298000,0,0,0,'/assets/products/LV-09A.jpg','phu-tung-phu-kien','voi-nuoc','voi-lavabo','cai','khac',1),('LV-10A','Vòi lavabo LB 10A','','','',248000,0,0,0,'/assets/products/LV-10A.jpg','phu-tung-phu-kien','voi-nuoc','voi-lavabo','cai','khac',1),('LV-10B','Vòi lavabo LB 10B','','','',298000,0,0,0,'/assets/products/LV-10A.jpg','phu-tung-phu-kien','voi-nuoc','voi-lavabo','cai','khac',1),('LV-11A','Vòi lavabo LB 11A','','','',208000,0,0,0,'/assets/products/LV-11A.jpg','phu-tung-phu-kien','voi-nuoc','voi-lavabo','cai','khac',1),('LV-11B','Vòi lavabo LB 11B','','','',238000,0,0,0,'/assets/products/LV-11A.jpg','phu-tung-phu-kien','voi-nuoc','voi-lavabo','cai','khac',1),('LV-12A','Vòi lavabo LB 12A','','','',208000,0,0,0,'/assets/products/LV-12A.jpg','phu-tung-phu-kien','voi-nuoc','voi-lavabo','cai','khac',1),('LV-12B','Vòi lavabo LB 12B','','','',238000,0,0,0,'/assets/products/LV-12A.jpg','phu-tung-phu-kien','voi-nuoc','voi-lavabo','cai','khac',1),('LV-13','Vòi lavabo LV13','','','',488000,0,0,0,'/assets/products/LV-13.jpg','phu-tung-phu-kien','voi-nuoc','voi-lavabo','cai','khac',1),('LV-14','Vòi lavabo LV14','','','',488000,0,0,0,'/assets/products/LV-14.jpg','phu-tung-phu-kien','voi-nuoc','voi-lavabo','cai','khac',1),('LV-15','Vòi lavabo LV15','','','',528000,0,0,0,'/assets/products/LV-15.jpg','phu-tung-phu-kien','voi-nuoc','voi-lavabo','cai','khac',1),('LV-16','Vòi lavabo LV16','','','',528000,0,0,0,'/assets/products/LV-16.jpg','phu-tung-phu-kien','voi-nuoc','voi-lavabo','cai','khac',1),('LV-17','Vòi lavabo LV17','','','',268000,0,0,0,'/assets/products/LV-17.jpg','phu-tung-phu-kien','voi-nuoc','voi-lavabo','cai','khac',1),('LV-18','Vòi lavabo LV18','','','',448000,0,0,0,'/assets/products/LV-18.jpg','phu-tung-phu-kien','voi-nuoc','voi-lavabo','cai','khac',1),('LV-19','Vòi lavabo LV19','','','',290000,0,0,0,'/assets/products/LV-19.jpg','phu-tung-phu-kien','voi-nuoc','voi-lavabo','cai','khac',1),('LV-19-1','Vòi lavabo LV19','','','',390000,0,0,0,'/assets/products/LV-19.jpg','phu-tung-phu-kien','voi-nuoc','voi-lavabo','cai','khac',1),('LV-20','Vòi lavabo LV20','','','',448000,0,0,0,'/assets/products/LV-20.jpg','phu-tung-phu-kien','voi-nuoc','voi-lavabo','cai','khac',1),('LV-20-1','Vòi lavabo LV20','','','',498000,0,0,0,'/assets/products/LV-20.jpg','phu-tung-phu-kien','voi-nuoc','voi-lavabo','cai','khac',1),('M 601','Tủ lavabo M601','','','600x480(mm) \n',5100000,0,0,0,'/assets/products/M 601.jpg','thiet-bi-nha-ve-sinh','lavabo','tu-lavabo','cai','khac',1),('M 603','Tủ lavabo M603','','','600x480(mm) \n',6000000,0,0,0,'/assets/products/M 603.jpg','thiet-bi-nha-ve-sinh','lavabo','tu-lavabo','cai','khac',1),('M 604','Tủ lavabo M604','','','600x480(mm) \n',6300000,0,0,0,'/assets/products/M 604.jpg','thiet-bi-nha-ve-sinh','lavabo','tu-lavabo','cai','khac',1),('M 605','Tủ lavabo M605','','','600x480(mm) \n',6300000,0,0,0,'/assets/products/M 605.jpg','thiet-bi-nha-ve-sinh','lavabo','tu-lavabo','cai','khac',1),('M-024','Tủ lavabo M024','','','800x480(mm) \n',8000000,0,0,0,'/assets/products/M-024.jpg','thiet-bi-nha-ve-sinh','lavabo','tu-lavabo','cai','khac',1),('M01','Bàn cầu khối M01','','','720x390x600(mm) \ntâm xả 300/400mm',6200000,0,0,0,'/assets/products/M01.jpg','thiet-bi-nha-ve-sinh','ban-cau','ban-cau-lien-khoi','cai','khac',1),('M019','Bàn cầu khối M019','','','740x390x690(mm) \ntâm xả 300/400mm',4300000,0,0,0,'/assets/products/M019.jpg','thiet-bi-nha-ve-sinh','ban-cau','ban-cau-lien-khoi','cai','khac',1),('M03','Bàn cầu khối M03','','','700x390x650(mm) \ntâm xả 300/400mm',4300000,0,0,0,'/assets/products/M03.jpg','thiet-bi-nha-ve-sinh','ban-cau','ban-cau-lien-khoi','cai','khac',1),('M04','Bàn cầu khối M04','','','720x390x620(mm) \ntâm xả 300/400mm',3700000,0,0,0,'/assets/products/M04.jpg','thiet-bi-nha-ve-sinh','ban-cau','ban-cau-lien-khoi','cai','khac',1),('M08','Bàn cầu khối M08','','','740x390x690(mm) \ntâm xả 300/400mm',4300000,0,0,0,'/assets/products/M08.jpg','thiet-bi-nha-ve-sinh','ban-cau','ban-cau-lien-khoi','cai','khac',1),('M09','Bàn cầu khối M09','','','740x390x690(mm) \ntâm xả 300/400mm',6100000,0,0,0,'/assets/products/M09.jpg','thiet-bi-nha-ve-sinh','ban-cau','ban-cau-lien-khoi','cai','khac',1),('M10','Bàn cầu khối M10','','','740x390x690(mm) \ntâm xả 300/400mm',4900000,0,0,0,'/assets/products/M10.jpg','thiet-bi-nha-ve-sinh','ban-cau','ban-cau-lien-khoi','cai','khac',1),('M11','Bàn cầu khối M11','','','740x390x690(mm) \ntâm xả 300/400mm',4900000,0,0,0,'/assets/products/M11.jpg','thiet-bi-nha-ve-sinh','ban-cau','ban-cau-lien-khoi','cai','khac',1),('M14','Bàn cầu trứng M14','','','660x430x550(mm) \ntâm xả 300/400mm',8500000,0,0,0,'/assets/products/M14.jpg','thiet-bi-nha-ve-sinh','ban-cau','ban-cau-lien-khoi','cai','khac',1),('M15','Bàn cầu trứng M15','','','660x430x550(mm) \ntâm xả 300/400mm',8500000,0,0,0,'/assets/products/M15.jpg','thiet-bi-nha-ve-sinh','ban-cau','ban-cau-lien-khoi','cai','khac',1),('M18','Bàn cầu khối M18','','','740x390x690(mm) \ntâm xả 300/400mm',5200000,0,0,0,'/assets/products/M18.jpg','thiet-bi-nha-ve-sinh','ban-cau','ban-cau-lien-khoi','cai','khac',1),('M21','Bàn cầu khối M21','','','740x390x690(mm) \ntâm xả 300/400mm',4300000,0,0,0,'/assets/products/M21.jpg','thiet-bi-nha-ve-sinh','ban-cau','ban-cau-lien-khoi','cai','khac',1),('M22','Cầu liền khối màu xanh ngọc M22','','','740x390x690(mm) \ntâm xả 300/400mm',5600000,0,0,0,'/assets/products/M22.jpg','thiet-bi-nha-ve-sinh','ban-cau','ban-cau-lien-khoi','cai','khac',1),('M22-1','Bàn cầu khối M22','','','740x390x690(mm) \ntâm xả 300/400mm',4300000,0,0,0,'/assets/products/M22.jpg','thiet-bi-nha-ve-sinh','ban-cau','ban-cau-lien-khoi','cai','khac',1),('M3091','Bàn cầu khối M3091','','','740x390x690(mm) \ntâm xả 300/400mm',5500000,0,0,0,'/assets/products/M3091.jpg','thiet-bi-nha-ve-sinh','ban-cau','ban-cau-lien-khoi','cai','khac',1),('MA-01','Móc MA-01','','','3 móc',90000,0,0,0,'/assets/products/MA-01.jpg','phu-tung-phu-kien','phu-kien-nha-tam','moc-ao','cai','khac',1),('MA-01-1','Móc MA-01','','','3 móc',130000,0,0,0,'/assets/products/MA-01.jpg','phu-tung-phu-kien','phu-kien-nha-tam','moc-ao','cai','khac',1),('MA-02','Móc MA-02','','','6 móc',40000,0,0,0,'/assets/products/MA-02B.jpg','phu-tung-phu-kien','phu-kien-nha-tam','moc-ao','cai','khac',1),('MA-02-1','Móc MA-02','','','7 móc',44000,0,0,0,'/assets/products/MA-02B.jpg','phu-tung-phu-kien','phu-kien-nha-tam','moc-ao','cai','khac',1),('MA-02-2','Móc MA-02','','','8 móc',50000,0,0,0,'/assets/products/MA-02B.jpg','phu-tung-phu-kien','phu-kien-nha-tam','moc-ao','cai','khac',1),('MA-02-3','Móc MA-02','','','9 móc',56000,0,0,0,'/assets/products/MA-02B.jpg','phu-tung-phu-kien','phu-kien-nha-tam','moc-ao','cai','khac',1),('MA-02-4','Móc MA-02','','','10 móc',62000,0,0,0,'/assets/products/MA-02B.jpg','phu-tung-phu-kien','phu-kien-nha-tam','moc-ao','cai','khac',1),('MA-03','Móc MA-03','','','5 móc',160000,0,0,0,'/assets/products/MA-03B.jpg','phu-tung-phu-kien','phu-kien-nha-tam','moc-ao','cai','khac',1),('MA-03-1','Móc MA-03','','','6 móc',180000,0,0,0,'/assets/products/MA-03B.jpg','phu-tung-phu-kien','phu-kien-nha-tam','moc-ao','cai','khac',1),('MA-03-2','Móc MA-03','','','7 móc',200000,0,0,0,'/assets/products/MA-03B.jpg','phu-tung-phu-kien','phu-kien-nha-tam','moc-ao','cai','khac',1),('MA-04','Móc MA-04','','','5 móc',160000,0,0,0,'/assets/products/MA-04.jpg','phu-tung-phu-kien','phu-kien-nha-tam','moc-ao','cai','khac',1),('MA-04-1','Móc MA-04','','','6 móc',180000,0,0,0,'/assets/products/MA-04.jpg','phu-tung-phu-kien','phu-kien-nha-tam','moc-ao','cai','khac',1),('MA-04-2','Móc MA-04','','','7 móc',200000,0,0,0,'/assets/products/MA-04.jpg','phu-tung-phu-kien','phu-kien-nha-tam','moc-ao','cai','khac',1),('MA-05','Móc MA-05','','','6 móc',248000,0,0,0,'/assets/products/MA-05.jpg','phu-tung-phu-kien','phu-kien-nha-tam','moc-ao','cai','khac',1),('MA-05-1','Móc MA-05','','','8 móc',288000,0,0,0,'/assets/products/MA-05.jpg','phu-tung-phu-kien','phu-kien-nha-tam','moc-ao','cai','khac',1),('MA-06','Móc MA-06','','','6 móc',248000,0,0,0,'/assets/products/MA-06.jpg','phu-tung-phu-kien','phu-kien-nha-tam','moc-ao','cai','khac',1),('MA-06-1','Móc MA-06','','','8 móc',288000,0,0,0,'/assets/products/MA-06.jpg','phu-tung-phu-kien','phu-kien-nha-tam','moc-ao','cai','khac',1),('MA-07','Móc MA-07','','','5 móc',160000,0,0,0,'/assets/products/MA-07.jpg','phu-tung-phu-kien','phu-kien-nha-tam','moc-ao','cai','khac',1),('MA-07-1','Móc MA-07','','','6 móc',180000,0,0,0,'/assets/products/MA-07.jpg','phu-tung-phu-kien','phu-kien-nha-tam','moc-ao','cai','khac',1),('MA-07-2','Móc MA-07','','','7 móc',200000,0,0,0,'/assets/products/MA-07.jpg','phu-tung-phu-kien','phu-kien-nha-tam','moc-ao','cai','khac',1),('MA-08','Móc MA-08','','','6 móc',158000,0,0,0,'/assets/products/MA-08.jpg','phu-tung-phu-kien','phu-kien-nha-tam','moc-ao','cai','khac',1),('MA-08-1','Móc MA-08','','','8 móc',178000,0,0,0,'/assets/products/MA-08.jpg','phu-tung-phu-kien','phu-kien-nha-tam','moc-ao','cai','khac',1),('MA-09','Móc MA-09','','','6 móc',158000,0,0,0,'/assets/products/MA-09.jpg','phu-tung-phu-kien','phu-kien-nha-tam','moc-ao','cai','khac',1),('MA-09-1','Móc MA-09','','','8 móc',178000,0,0,0,'/assets/products/MA-09.jpg','phu-tung-phu-kien','phu-kien-nha-tam','moc-ao','cai','khac',1),('MDAO','Máng dao','','','50x400(mm) \n',110000,0,0,0,'/assets/products/MDAO.jpg','thiet-bi-nha-bep','do-dung-nha-bep','mang-dao','cai','khac',1),('MDAO-1','Máng dao','','','50x500(mm) \n',120000,0,0,0,'/assets/products/MDAO.jpg','thiet-bi-nha-bep','do-dung-nha-bep','mang-dao','cai','khac',1),('MDAO-2','Máng dao','','','50x600(mm) \n',130000,0,0,0,'/assets/products/MDAO.jpg','thiet-bi-nha-bep','do-dung-nha-bep','mang-dao','cai','khac',1),('MDAO-3','Máng dao','','','50x700(mm) \n',140000,0,0,0,'/assets/products/MDAO.jpg','thiet-bi-nha-bep','do-dung-nha-bep','mang-dao','cai','khac',1),('MDT','Máng dao thớt','','','',270000,0,0,0,'/assets/products/MDT.jpg','thiet-bi-nha-bep','do-dung-nha-bep','mang-dao-thot','cai','khac',1),('MDT-1','Máng dao thớt','','','',300000,0,0,0,'/assets/products/MDT.jpg','thiet-bi-nha-bep','do-dung-nha-bep','mang-dao-thot','cai','khac',1),('MK-01','Máng khăn MK-01','','','',228000,0,0,0,'/assets/products/MK-01.jpg','phu-tung-phu-kien','phu-kien-nha-tam','mang-khan','cai','khac',1),('MK-02','Máng khăn MK-02','','','',268000,0,0,0,'/assets/products/MK-02.jpg','phu-tung-phu-kien','phu-kien-nha-tam','mang-khan','cai','khac',1),('MK-03','Máng khăn MK-03','','','',228000,0,0,0,'/assets/products/MK-03.jpg','phu-tung-phu-kien','phu-kien-nha-tam','mang-khan','cai','khac',1),('MK-04','Máng khăn MK-04','','','',268000,0,0,0,'/assets/products/MK-04.jpg','phu-tung-phu-kien','phu-kien-nha-tam','mang-khan','cai','khac',1),('MK-05','Máng khăn MK-05','','','600(mm) \n',52000,0,0,0,'/assets/products/MK-05.jpg','phu-tung-phu-kien','phu-kien-nha-tam','mang-khan','cai','khac',1),('MK-05-1','Máng khăn MK-05','','','800(mm) \n',56000,0,0,0,'/assets/products/MK-05.jpg','phu-tung-phu-kien','phu-kien-nha-tam','mang-khan','cai','khac',1),('MK-05-2','Máng khăn MK-05','','','1000(mm) \n',60000,0,0,0,'/assets/products/MK-05.jpg','phu-tung-phu-kien','phu-kien-nha-tam','mang-khan','cai','khac',1),('MK-05-3','Máng khăn MK-05','','','1200(mm) \n',64000,0,0,0,'/assets/products/MK-05.jpg','phu-tung-phu-kien','phu-kien-nha-tam','mang-khan','cai','khac',1),('MK-05-4','Máng khăn MK-05','','','600(mm) \n',70000,0,0,0,'/assets/products/MK-05.jpg','phu-tung-phu-kien','phu-kien-nha-tam','mang-khan','cai','khac',1),('MK-05-5','Máng khăn MK-05','','','800(mm) \n',80000,0,0,0,'/assets/products/MK-05.jpg','phu-tung-phu-kien','phu-kien-nha-tam','mang-khan','cai','khac',1),('MK-05-6','Máng khăn MK-05','','','1000(mm) \n',90000,0,0,0,'/assets/products/MK-05.jpg','phu-tung-phu-kien','phu-kien-nha-tam','mang-khan','cai','khac',1),('MK-05-7','Máng khăn MK-05','','','1200(mm) \n',100000,0,0,0,'/assets/products/MK-05.jpg','phu-tung-phu-kien','phu-kien-nha-tam','mang-khan','cai','khac',1),('MK-06','Máng khăn MK-06','','','600(mm) \n',80000,0,0,0,'/assets/products/MK-06.jpg','phu-tung-phu-kien','phu-kien-nha-tam','mang-khan','cai','khac',1),('MK-06-1','Máng khăn MK-06','','','800(mm) \n',86000,0,0,0,'/assets/products/MK-06.jpg','phu-tung-phu-kien','phu-kien-nha-tam','mang-khan','cai','khac',1),('MK-06-2','Máng khăn MK-06','','','1000(mm) \n',92000,0,0,0,'/assets/products/MK-06.jpg','phu-tung-phu-kien','phu-kien-nha-tam','mang-khan','cai','khac',1),('MK-06-3','Máng khăn MK-06','','','1200(mm) \n',100000,0,0,0,'/assets/products/MK-06.jpg','phu-tung-phu-kien','phu-kien-nha-tam','mang-khan','cai','khac',1),('MK-06-4','Máng khăn MK-06','','','600(mm) \n',140000,0,0,0,'/assets/products/MK-06.jpg','phu-tung-phu-kien','phu-kien-nha-tam','mang-khan','cai','khac',1),('MK-06-5','Máng khăn MK-06','','','800(mm) \n',160000,0,0,0,'/assets/products/MK-06.jpg','phu-tung-phu-kien','phu-kien-nha-tam','mang-khan','cai','khac',1),('MK-06-6','Máng khăn MK-06','','','1000(mm) \n',180000,0,0,0,'/assets/products/MK-06.jpg','phu-tung-phu-kien','phu-kien-nha-tam','mang-khan','cai','khac',1),('MK-06-7','Máng khăn MK-06','','','1200(mm) \n',200000,0,0,0,'/assets/products/MK-06.jpg','phu-tung-phu-kien','phu-kien-nha-tam','mang-khan','cai','khac',1),('MKT-01','Máng khăn MKT-01','','','',198000,0,0,0,'/assets/products/MKT-01.jpg','phu-tung-phu-kien','phu-kien-nha-tam','mang-khan','cai','khac',1),('MKT-02','Máng khăn MKT-02','','','',498000,0,0,0,'/assets/products/MKT-02.jpg','phu-tung-phu-kien','phu-kien-nha-tam','mang-khan','cai','khac',1),('MKT-03','Máng khăn MKT-03','','','',498000,0,0,0,'/assets/products/MKT-03.jpg','phu-tung-phu-kien','phu-kien-nha-tam','mang-khan','cai','khac',1),('MNAP','Máng nắp inox 201','','','6 nắp',70000,0,0,0,'/assets/products/MNAP.jpg','thiet-bi-nha-bep','do-dung-nha-bep','mang-nap','cai','khac',1),('MNAP-1','Máng nắp inox 201','','','8 nắp',94000,0,0,0,'/assets/products/MNAP.jpg','thiet-bi-nha-bep','do-dung-nha-bep','mang-nap','cai','khac',1),('MNAP-2','Máng nắp inox 304','','','7 nắp',160000,0,0,0,'/assets/products/MNAP.jpg','thiet-bi-nha-bep','do-dung-nha-bep','mang-nap','cai','khac',1),('MNAP-3','Máng nắp inox 304','','','9 nắp',190000,0,0,0,'/assets/products/MNAP.jpg','thiet-bi-nha-bep','do-dung-nha-bep','mang-nap','cai','khac',1),('MNOI','Máng nồi','','','600(mm) \n',60000,0,0,0,'/assets/products/MNOI.jpg','thiet-bi-nha-bep','do-dung-nha-bep','mang-noi','cai','khac',1),('MNOI-1','Máng nồi','','','800(mm) \n',64000,0,0,0,'/assets/products/MNOI.jpg','thiet-bi-nha-bep','do-dung-nha-bep','mang-noi','cai','khac',1),('MNOI-2','Máng nồi','','','1000(mm) \n',68000,0,0,0,'/assets/products/MNOI.jpg','thiet-bi-nha-bep','do-dung-nha-bep','mang-noi','cai','khac',1),('MNOI-3','Máng nồi','','','1200(mm) \n',72000,0,0,0,'/assets/products/MNOI.jpg','thiet-bi-nha-bep','do-dung-nha-bep','mang-noi','cai','khac',1),('MNOI-4','Máng nồi','','','600(mm) \n',120000,0,0,0,'/assets/products/MNOI.jpg','thiet-bi-nha-bep','do-dung-nha-bep','mang-noi','cai','khac',1),('MNOI-5','Máng nồi','','','800(mm) \n',130000,0,0,0,'/assets/products/MNOI.jpg','thiet-bi-nha-bep','do-dung-nha-bep','mang-noi','cai','khac',1),('MNOI-6','Máng nồi','','','1000(mm) \n',140000,0,0,0,'/assets/products/MNOI.jpg','thiet-bi-nha-bep','do-dung-nha-bep','mang-noi','cai','khac',1),('MNOI-7','Máng nồi','','','1200(mm) \n',150000,0,0,0,'/assets/products/MNOI.jpg','thiet-bi-nha-bep','do-dung-nha-bep','mang-noi','cai','khac',1),('OD-01','Ống đũa-01','','','',150000,0,0,0,'/assets/products/OĐ-01.jpg','thiet-bi-nha-bep','do-dung-nha-bep','ong-dua','cai','khac',1),('OD-02','Ống đũa-02','','','',190000,0,0,0,'/assets/products/OĐ-02.jpg','thiet-bi-nha-bep','do-dung-nha-bep','ong-dua','cai','khac',1),('OD-03','Ống đũa-03','','','',270000,0,0,0,'/assets/products/OĐ-03.jpg','thiet-bi-nha-bep','do-dung-nha-bep','ong-dua','cai','khac',1),('PC-01','Phao cơ PC01','','','phi 21',138000,0,0,0,'/assets/products/PC-01.jpg','phu-tung-phu-kien','phao-co','None','cai','khac',1),('PC-01-1','Phao cơ PC01','','','phi 27',150000,0,0,0,'/assets/products/PC-01.jpg','phu-tung-phu-kien','phao-co','None','cai','khac',1),('PC-02','Phao cơ PC02','','','phi 21',206000,0,0,0,'/assets/products/PC-02.jpg','phu-tung-phu-kien','phao-co','None','cai','khac',1),('PC-02-1','Phao cơ PC02','','','phi 27',234000,0,0,0,'/assets/products/PC-02.jpg','phu-tung-phu-kien','phao-co','None','cai','khac',1),('QB','Quầy bar','','','300x600(mm) \n',700000,0,0,0,'/assets/products/QB.jpg','thiet-bi-khac','quay-bar','None','cai','khac',1),('QB-1','Quầy bar','','','300x700(mm) \n',900000,0,0,0,'/assets/products/QB.jpg','thiet-bi-khac','quay-bar','None','cai','khac',1),('QB-2','Quầy bar','','','300x800(mm) \n',1100000,0,0,0,'/assets/products/QB.jpg','thiet-bi-khac','quay-bar','None','cai','khac',1),('RCL-01','Rổ chén la-01','','','300x500(mm) \n',240000,0,0,0,'/assets/products/RCL-01.jpg','thiet-bi-nha-bep','do-dung-nha-bep','ro-chen','cai','khac',1),('RCL-01-1','Rổ chén la-01','','','300x600(mm) \n',280000,0,0,0,'/assets/products/RCL-01.jpg','thiet-bi-nha-bep','do-dung-nha-bep','ro-chen','cai','khac',1),('RCL-01-10','Rổ chén la-01','','','300x900(mm) \n',820000,0,0,0,'/assets/products/RCL-01.jpg','thiet-bi-nha-bep','do-dung-nha-bep','ro-chen','cai','khac',1),('RCL-01-11','Rổ chén la-01','','','300x1000(mm) \n',900000,0,0,0,'/assets/products/RCL-01.jpg','thiet-bi-nha-bep','do-dung-nha-bep','ro-chen','cai','khac',1),('RCL-01-2','Rổ chén la-01','','','300x700(mm) \n',320000,0,0,0,'/assets/products/RCL-01.jpg','thiet-bi-nha-bep','do-dung-nha-bep','ro-chen','cai','khac',1),('RCL-01-3','Rổ chén la-01','','','300x800(mm) \n',360000,0,0,0,'/assets/products/RCL-01.jpg','thiet-bi-nha-bep','do-dung-nha-bep','ro-chen','cai','khac',1),('RCL-01-4','Rổ chén la-01','','','300x900(mm) \n',400000,0,0,0,'/assets/products/RCL-01.jpg','thiet-bi-nha-bep','do-dung-nha-bep','ro-chen','cai','khac',1),('RCL-01-5','Rổ chén la-01','','','300x1000(mm) \n',440000,0,0,0,'/assets/products/RCL-01.jpg','thiet-bi-nha-bep','do-dung-nha-bep','ro-chen','cai','khac',1),('RCL-01-6','Rổ chén la-01','','','300x500(mm) \n',500000,0,0,0,'/assets/products/RCL-01.jpg','thiet-bi-nha-bep','do-dung-nha-bep','ro-chen','cai','khac',1),('RCL-01-7','Rổ chén la-01','','','300x600(mm) \n',580000,0,0,0,'/assets/products/RCL-01.jpg','thiet-bi-nha-bep','do-dung-nha-bep','ro-chen','cai','khac',1),('RCL-01-8','Rổ chén la-01','','','300x700(mm) \n',660000,0,0,0,'/assets/products/RCL-01.jpg','thiet-bi-nha-bep','do-dung-nha-bep','ro-chen','cai','khac',1),('RCL-01-9','Rổ chén la-01','','','300x800(mm) \n',740000,0,0,0,'/assets/products/RCL-01.jpg','thiet-bi-nha-bep','do-dung-nha-bep','ro-chen','cai','khac',1),('RCO-02','Rổ chén ống-02','','','300x500(mm) \n',150000,0,0,0,'/assets/products/RCO-02.jpg','thiet-bi-nha-bep','do-dung-nha-bep','ro-chen','cai','khac',1),('RCO-02-1','Rổ chén ống-02','','','300x600(mm) \n',170000,0,0,0,'/assets/products/RCO-02.jpg','thiet-bi-nha-bep','do-dung-nha-bep','ro-chen','cai','khac',1),('RCO-02-10','Rổ chén ống-02','','','300x900(mm) \n',500000,0,0,0,'/assets/products/RCO-02.jpg','thiet-bi-nha-bep','do-dung-nha-bep','ro-chen','cai','khac',1),('RCO-02-11','Rổ chén ống-02','','','300x1000(mm) \n',560000,0,0,0,'/assets/products/RCO-02.jpg','thiet-bi-nha-bep','do-dung-nha-bep','ro-chen','cai','khac',1),('RCO-02-2','Rổ chén ống-02','','','300x700(mm) \n',190000,0,0,0,'/assets/products/RCO-02.jpg','thiet-bi-nha-bep','do-dung-nha-bep','ro-chen','cai','khac',1),('RCO-02-3','Rổ chén ống-02','','','300x800(mm) \n',210000,0,0,0,'/assets/products/RCO-02.jpg','thiet-bi-nha-bep','do-dung-nha-bep','ro-chen','cai','khac',1),('RCO-02-4','Rổ chén ống-02','','','300x900(mm) \n',230000,0,0,0,'/assets/products/RCO-02.jpg','thiet-bi-nha-bep','do-dung-nha-bep','ro-chen','cai','khac',1),('RCO-02-5','Rổ chén ống-02','','','300x1000(mm) \n',250000,0,0,0,'/assets/products/RCO-02.jpg','thiet-bi-nha-bep','do-dung-nha-bep','ro-chen','cai','khac',1),('RCO-02-6','Rổ chén ống-02','','','300x500(mm) \n',300000,0,0,0,'/assets/products/RCO-02.jpg','thiet-bi-nha-bep','do-dung-nha-bep','ro-chen','cai','khac',1),('RCO-02-7','Rổ chén ống-02','','','300x600(mm) \n',370000,0,0,0,'/assets/products/RCO-02.jpg','thiet-bi-nha-bep','do-dung-nha-bep','ro-chen','cai','khac',1),('RCO-02-8','Rổ chén ống-02','','','300x700(mm) \n',410000,0,0,0,'/assets/products/RCO-02.jpg','thiet-bi-nha-bep','do-dung-nha-bep','ro-chen','cai','khac',1),('RCO-02-9','Rổ chén ống-02','','','300x800(mm) \n',460000,0,0,0,'/assets/products/RCO-02.jpg','thiet-bi-nha-bep','do-dung-nha-bep','ro-chen','cai','khac',1),('RT 120-58','Máy năng lượng mặt trời RT12058','','','2000x1035x1200(mm) \n120L',8700000,0,0,0,'/assets/products/RT 120-58.jpg','thiet-bi-khac','may-nuoc-nong','None','cai','khac',1),('RT 150-58','Máy năng lượng mặt trời RT12058','','','2000x1100x1200(mm) \n150L',10400000,0,0,0,'/assets/products/RT 120-58.jpg','thiet-bi-khac','may-nuoc-nong','None','cai','khac',1),('RT 180-58','Máy năng lượng mặt trời RT12058','','','2000x1570x1200(mm) \n180L',12100000,0,0,0,'/assets/products/RT 120-58.jpg','thiet-bi-khac','may-nuoc-nong','None','cai','khac',1),('RT 200-58','Máy năng lượng mặt trời RT12058','','','2000x1730x1200(mm) \n200L',13200000,0,0,0,'/assets/products/RT 120-58.jpg','thiet-bi-khac','may-nuoc-nong','None','cai','khac',1),('RT 240-58','Máy năng lượng mặt trời RT12058','','','2000x2050x1200(mm) \n240L',15300000,0,0,0,'/assets/products/RT 120-58.jpg','thiet-bi-khac','may-nuoc-nong','None','cai','khac',1),('RT 300-58','Máy năng lượng mặt trời RT12058','','','2000x2450x1200(mm) \n300L',18500000,0,0,0,'/assets/products/RT 120-58.jpg','thiet-bi-khac','may-nuoc-nong','None','cai','khac',1),('RT PPR120-58','Máy năng lượng mặt trời RT PPR120-58','','','2000x1035x1200(mm) \n120L',9500000,0,0,0,'/assets/products/RT PPR120-58.jpg','thiet-bi-khac','may-nuoc-nong','None','cai','khac',1),('RT PPR150-58','Máy năng lượng mặt trời RT PPR120-58','','','2000x1100x1200(mm) \n150L',12500000,0,0,0,'/assets/products/RT PPR120-58.jpg','thiet-bi-khac','may-nuoc-nong','None','cai','khac',1),('RT PPR180-58','Máy năng lượng mặt trời RT PPR120-58','','','2000x1570x1200(mm) \n180L',15800000,0,0,0,'/assets/products/RT PPR120-58.jpg','thiet-bi-khac','may-nuoc-nong','None','cai','khac',1),('RT PPR200-58','Máy năng lượng mặt trời RT PPR120-58','','','2000x1730x1200(mm) \n200L',17500000,0,0,0,'/assets/products/RT PPR120-58.jpg','thiet-bi-khac','may-nuoc-nong','None','cai','khac',1),('RT PPR240-58','Máy năng lượng mặt trời RT PPR120-58','','','2000x2050x1200(mm) \n240L',20730000,0,0,0,'/assets/products/RT PPR120-58.jpg','thiet-bi-khac','may-nuoc-nong','None','cai','khac',1),('RT PPR300-58','Máy năng lượng mặt trời RT PPR120-58','','','2000x2450x1200(mm) \n300L',25660000,0,0,0,'/assets/products/RT PPR120-58.jpg','thiet-bi-khac','may-nuoc-nong','None','cai','khac',1),('RT-01','Chậu đá RT01','','','780x500x230(mm) \n',2280000,0,0,0,'/assets/products/RT-01.jpg','thiet-bi-nha-bep','chau-rua-chen','chau-da','cai','khac',1),('RT-014','Tủ lavabo RT014','','','600x480(mm) \n',6200000,0,0,0,'/assets/products/RT-014.jpg','thiet-bi-nha-ve-sinh','lavabo','tu-lavabo','bo','khac',1),('RT-02','Chậu đá RT02','','','780x490x230(mm) \n',2480000,0,0,0,'/assets/products/RT-02.jpg','thiet-bi-nha-bep','chau-rua-chen','chau-da','cai','khac',1),('RT-022','Tủ lavabo RT022','','','600x480(mm) \n',5300000,0,0,0,'/assets/products/RT-022.jpg','thiet-bi-nha-ve-sinh','lavabo','tu-lavabo','bo','khac',1),('RT-03','Chậu đá RT03','','','1000x500x230(mm) \n',2880000,0,0,0,'/assets/products/RT-03.jpg','thiet-bi-nha-bep','chau-rua-chen','chau-da','cai','khac',1),('RT-04','Chậu đá RT04','','','1002x500x230(mm) \n',3080000,0,0,0,'/assets/products/RT-04.jpg','thiet-bi-nha-bep','chau-rua-chen','chau-da','cai','khac',1),('RT-05','Chậu đá RT05','','','780x480x230(mm) \n',2580000,0,0,0,'/assets/products/RT-05.jpg','thiet-bi-nha-bep','chau-rua-chen','chau-da','cai','khac',1),('RT-06','Chậu đá RT06','','','900x500x230(mm) \n',2680000,0,0,0,'/assets/products/RT-06.jpg','thiet-bi-nha-bep','chau-rua-chen','chau-da','cai','khac',1),('RT-07','Chậu đá RT07','','','850x490x230(mm) \n',2880000,0,0,0,'/assets/products/RT-07.jpg','thiet-bi-nha-bep','chau-rua-chen','chau-da','cai','khac',1),('RT-08','Chậu đá RT08','','','930x490x230(mm) \n',3080000,0,0,0,'/assets/products/RT-08.jpg','thiet-bi-nha-bep','chau-rua-chen','chau-da','cai','khac',1),('RT-09','Chậu đá RT09','','','860x480x230(mm) \n',3080000,0,0,0,'/assets/products/RT-09.jpg','thiet-bi-nha-bep','chau-rua-chen','chau-da','cai','khac',1),('RT-10','Chậu đá RT10','','','830x500x230(mm) \n',3080000,0,0,0,'/assets/products/RT-10.jpg','thiet-bi-nha-bep','chau-rua-chen','chau-da','cai','khac',1),('RT-10048.N','Chậu inox LB N','','','1000x480x230(mm) \n',3200000,0,0,0,'/assets/products/RT-10048.N.jpg','thiet-bi-nha-bep','chau-rua-chen','chau-inox','cai','khac',1),('RT-10048A','Chậu inox LB 10048A','','','1000x480x230(mm) \n',3300000,0,0,0,'/assets/products/RT-10048A.jpg','thiet-bi-nha-bep','chau-rua-chen','chau-inox','cai','khac',1),('RT-10048KS','Chậu inox LB 10048KS','','','1000x480x230(mm) \n',4000000,0,0,0,'/assets/products/RT-10048KS.jpg','thiet-bi-nha-bep','chau-rua-chen','chau-inox','cai','khac',1),('RT-10048R','Chậu inox LB 10048R','','','1000x480x230(mm) \n',3900000,0,0,0,'/assets/products/RT-10048R.jpg','thiet-bi-nha-bep','chau-rua-chen','chau-inox','cai','khac',1),('RT-10048R.N','Chậu inox LB N','','','1000x480x230(mm) \n',3400000,0,0,0,'/assets/products/RT-10048R.N.jpg','thiet-bi-nha-bep','chau-rua-chen','chau-inox','cai','khac',1),('RT-10048RKS','Chậu inox LB 10048RKS','','','1000x480x230(mm) \n',4300000,0,0,0,'/assets/products/RT-10048RKS.jpg','thiet-bi-nha-bep','chau-rua-chen','chau-inox','cai','khac',1),('RT-10445','Chậu inox RT10445','','','1040x450x230(mm) \n',980000,0,0,0,'/assets/products/RT-10445.jpg','thiet-bi-nha-bep','chau-rua-chen','chau-inox','cai','khac',1),('RT-10445-1','Chậu inox RT10445','','','1040x450x230(mm) \n',1500000,0,0,0,'/assets/products/RT-10445B.jpg','thiet-bi-nha-bep','chau-rua-chen','chau-inox','cai','khac',1),('RT-11','Chậu đá RT11','','','1130x490x230(mm) \n',3480000,0,0,0,'/assets/products/RT-11.jpg','thiet-bi-nha-bep','chau-rua-chen','chau-da','cai','khac',1),('RT-12','Chậu đá RT12','','','1190x490x230(mm) \n',3680000,0,0,0,'/assets/products/RT-12.jpg','thiet-bi-nha-bep','chau-rua-chen','chau-da','cai','khac',1),('RT-12050','Chậu inox RT12050','','','1200x500x230(mm) \n',2180000,0,0,0,'/assets/products/RT-12050.jpg','thiet-bi-nha-bep','chau-rua-chen','chau-inox','cai','khac',1),('RT-13','Chậu đá RT13','','','1130x490x230(mm) \n',3480000,0,0,0,'/assets/products/RT-13.jpg','thiet-bi-nha-bep','chau-rua-chen','chau-da','cai','khac',1),('RT-14','Chậu đá RT14','','','1200x500x240(mm) \n',3680000,0,0,0,'/assets/products/RT-14.jpg','thiet-bi-nha-bep','chau-rua-chen','chau-da','cai','khac',1),('RT-15','Chậu đá RT15','','','1005x490x230(mm) \n',3280000,0,0,0,'/assets/products/RT-15.jpg','thiet-bi-nha-bep','chau-rua-chen','chau-da','cai','khac',1),('RT-16','Chậu đá RT16','','','1100x500x230(mm) \n',3880000,0,0,0,'/assets/products/RT-16.jpg','thiet-bi-nha-bep','chau-rua-chen','chau-da','cai','khac',1),('RT-602','Tủ lavabo RT602','','','600x480(mm) \n',5300000,0,0,0,'/assets/products/RT-602.jpg','thiet-bi-nha-ve-sinh','lavabo','tu-lavabo','bo','khac',1),('RT-6045','Chậu inox RT6045','','','600x450x230(mm) \n',1760000,0,0,0,'/assets/products/RT-6045A.jpg','thiet-bi-nha-bep','chau-rua-chen','chau-inox','cai','khac',1),('RT-6045-1','Chậu inox RT6045','','','600x450x230(mm) \n',580000,0,0,0,'/assets/products/RT-6045B.jpg','thiet-bi-nha-bep','chau-rua-chen','chau-inox','cai','khac',1),('RT-6045-2','Chậu inox RT6045','','','600x450x230(mm) \n',900000,0,0,0,'/assets/products/RT-6045C.jpg','thiet-bi-nha-bep','chau-rua-chen','chau-inox','cai','khac',1),('RT-6045.N','Chậu inox LB N','','','600x450x230(mm) \n',1560000,0,0,0,'/assets/products/RT-6045.N.jpg','thiet-bi-nha-bep','chau-rua-chen','chau-inox','cai','khac',1),('RT-6048','Lavabo kính RT6048','','','800x520(mm) \n',3900000,0,0,0,'/assets/products/RT-6048.jpg','thiet-bi-nha-ve-sinh','lavabo','lavabo-kinh','cai','khac',1),('RT-6073','Lavabo kính RT6073','','','800x520(mm) \n',3900000,0,0,0,'/assets/products/RT-6073.jpg','thiet-bi-nha-ve-sinh','lavabo','lavabo-kinh','cai','khac',1),('RT-7024-60','Lavabo kính RT702460','','','600x460(mm) \n',3850000,0,0,0,'/assets/products/RT-7024-60.jpg','thiet-bi-nha-ve-sinh','lavabo','lavabo-kinh','cai','khac',1),('RT-7024-80','Lavabo kính RT702480','','','800x460(mm) \n',4050000,0,0,0,'/assets/products/RT-7024-80.jpg','thiet-bi-nha-ve-sinh','lavabo','lavabo-kinh','cai','khac',1),('RT-7025-60','Lavabo kính RT702560','','','600x460(mm) \n',3850000,0,0,0,'/assets/products/RT-7025-60.jpg','thiet-bi-nha-ve-sinh','lavabo','lavabo-kinh','cai','khac',1),('RT-7025-80','Lavabo kính RT702580','','','800x460(mm) \n',4050000,0,0,0,'/assets/products/RT-7025-80.jpg','thiet-bi-nha-ve-sinh','lavabo','lavabo-kinh','cai','khac',1),('RT-7026-60','Lavabo kính RT702660','','','600x460(mm) \n',3850000,0,0,0,'/assets/products/RT-7026-60.jpg','thiet-bi-nha-ve-sinh','lavabo','lavabo-kinh','cai','khac',1),('RT-7026-80','Lavabo kính RT702680','','','800x460(mm) \n',4050000,0,0,0,'/assets/products/RT-7026-80.jpg','thiet-bi-nha-ve-sinh','lavabo','lavabo-kinh','cai','khac',1),('RT-7027-60','Lavabo kính RT702760','','','600x460(mm) \n',3850000,0,0,0,'/assets/products/RT-7027-60.jpg','thiet-bi-nha-ve-sinh','lavabo','lavabo-kinh','cai','khac',1),('RT-7027-80','Lavabo kính RT702780','','','800x460(mm) \n',4050000,0,0,0,'/assets/products/RT-7027-80.jpg','thiet-bi-nha-ve-sinh','lavabo','lavabo-kinh','cai','khac',1),('RT-7545','Chậu inox RT7545','','','750x450x230(mm) \n',680000,0,0,0,'/assets/products/RT-7545.jpg','thiet-bi-nha-bep','chau-rua-chen','chau-inox','cai','khac',1),('RT-7545-1','Chậu inox RT7545','','','750x450x230(mm) \n',1100000,0,0,0,'/assets/products/RT-7545B.jpg','thiet-bi-nha-bep','chau-rua-chen','chau-inox','cai','khac',1),('RT-7545.N','Chậu inox LB N','','','750x450x230(mm) \n',2700000,0,0,0,'/assets/products/RT-7545.N.jpg','thiet-bi-nha-bep','chau-rua-chen','chau-inox','cai','khac',1),('RT-7546','Chậu inox RT7546','','','750x460x230(mm) \n',3500000,0,0,0,'/assets/products/RT-7546.jpg','thiet-bi-nha-bep','chau-rua-chen','chau-inox','cai','khac',1),('RT-7843','Chậu inox RT7843','','','780x430x230(mm) \n',680000,0,0,0,'/assets/products/RT-7843.jpg','thiet-bi-nha-bep','chau-rua-chen','chau-inox','cai','khac',1),('RT-7843-1','Chậu inox RT7843','','','780x430x230(mm) \n',1100000,0,0,0,'/assets/products/RT-7843B.jpg','thiet-bi-nha-bep','chau-rua-chen','chau-inox','cai','khac',1),('RT-7846','Chậu inox RT7846','','','780x460x230(mm) \n',3100000,0,0,0,'/assets/products/RT-7846.jpg','thiet-bi-nha-bep','chau-rua-chen','chau-inox','cai','khac',1),('RT-7846.NX','Chậu inox LB NX','','','780x460x230(mm) \n',2900000,0,0,0,'/assets/products/RT-7846.NX.jpg','thiet-bi-nha-bep','chau-rua-chen','chau-inox','cai','khac',1),('RT-7846D','Chậu inox LB 7846D','','','780x460x230(mm) \n',2900000,0,0,0,'/assets/products/RT-7846D.jpg','thiet-bi-nha-bep','chau-rua-chen','chau-inox','cai','khac',1),('RT-8143','Chậu inox RT8143','','','810x430x230(mm) \n',980000,0,0,0,'/assets/products/RT-8143.jpg','thiet-bi-nha-bep','chau-rua-chen','chau-inox','cai','khac',1),('RT-8245A','Chậu inox LB 8245A','','','820x450x230(mm) \n',2600000,0,0,0,'/assets/products/RT-8245A.jpg','thiet-bi-nha-bep','chau-rua-chen','chau-inox','cai','khac',1),('RT-8245A.KS','Chậu inox LB KS','','','820x450x230(mm) \n',3300000,0,0,0,'/assets/products/RT-8245A.KS.jpg','thiet-bi-nha-bep','chau-rua-chen','chau-inox','cai','khac',1),('RT-8245A.N','Chậu inox LB N','','','820x450x230(mm) \n',2800000,0,0,0,'/assets/products/RT-8245A.N.jpg','thiet-bi-nha-bep','chau-rua-chen','chau-inox','cai','khac',1),('RT-8245C.N','Chậu inox LB N','','','820x450x230(mm) \n',2800000,0,0,0,'/assets/products/RT-8245C.N.jpg','thiet-bi-nha-bep','chau-rua-chen','chau-inox','cai','khac',1),('RT-8245D','Chậu inox LB 8245D','','','820x450x230(mm) \n',2400000,0,0,0,'/assets/products/RT-8245D.jpg','thiet-bi-nha-bep','chau-rua-chen','chau-inox','cai','khac',1),('RT-8245D.KS','Chậu inox LB KS','','','820x450x230(mm) \n',3100000,0,0,0,'/assets/products/RT-8245D.KS.jpg','thiet-bi-nha-bep','chau-rua-chen','chau-inox','cai','khac',1),('RT-8245D.N','Chậu inox LB N','','','820x450x230(mm) \n',2600000,0,0,0,'/assets/products/RT-8245D.N.jpg','thiet-bi-nha-bep','chau-rua-chen','chau-inox','cai','khac',1),('RT-8248C','Chậu inox LB 8248C','','','820x480x230(mm) \n',2600000,0,0,0,'/assets/products/RT-8248C.jpg','thiet-bi-nha-bep','chau-rua-chen','chau-inox','cai','khac',1),('RT-8837','Tủ lavabo RT8837','','','800x480(mm) \n',7800000,0,0,0,'/assets/products/RT-8837.jpg','thiet-bi-nha-ve-sinh','lavabo','tu-lavabo','bo','khac',1),('RT-8838','Tủ lavabo RT8838','','','800x500(mm) \n',7600000,0,0,0,'/assets/products/RT-8838.jpg','thiet-bi-nha-ve-sinh','lavabo','tu-lavabo','bo','khac',1),('RT-8862','Tủ lavabo RT8862','','','800x500(mm) \n',7600000,0,0,0,'/assets/products/RT-8862A.jpg','thiet-bi-nha-ve-sinh','lavabo','tu-lavabo','bo','khac',1),('RT-8862-1','Tủ lavabo RT8862','','','800x500(mm) \n',7600000,0,0,0,'/assets/products/RT-8862B.jpg','thiet-bi-nha-ve-sinh','lavabo','tu-lavabo','bo','khac',1),('RT-8863','Tủ lavabo RT8863','','','800x480(mm) \n',7900000,0,0,0,'/assets/products/RT-8863.jpg','thiet-bi-nha-ve-sinh','lavabo','tu-lavabo','bo','khac',1),('RT-G1','Phụ kiện inox LB G1','','','230x230(mm) \n',260000,0,0,0,'/assets/products/RT-G1.jpg','phu-tung-phu-kien','phu-kien-nha-tam','goc','cai','khac',1),('RT-G2','Phụ kiện inox LB G2','','','230x230(mm) \n',260000,0,0,0,'/assets/products/RT-G2.jpg','phu-tung-phu-kien','phu-kien-nha-tam','goc','cai','khac',1),('RT-G3','Phụ kiện inox LB G3','','','230x230(mm) \n',260000,0,0,0,'/assets/products/RT-G3.jpg','phu-tung-phu-kien','phu-kien-nha-tam','goc','cai','khac',1),('RT-G4','Phụ kiện inox LB G4','','','230x230(mm) \n',480000,0,0,0,'/assets/products/RT-G4.jpg','phu-tung-phu-kien','phu-kien-nha-tam','goc','cai','khac',1),('RT-K01-01','Kệ kính LB K01','','','120x500(mm) \n',110000,0,0,0,'/assets/products/RT-K01.jpg','phu-tung-phu-kien','phu-kien-nha-tam','ke-kinh','cai','khac',1),('RT-K01-02','Kệ kính LB K01','','','120x500(mm) \n',170000,0,0,0,'/assets/products/RT-K01.jpg','phu-tung-phu-kien','phu-kien-nha-tam','ke-kinh','cai','khac',1),('RT-K02','Kệ kính LB K02','','','120x500(mm) \n',250000,0,0,0,'/assets/products/RT-K02.jpg','phu-tung-phu-kien','phu-kien-nha-tam','ke-kinh','cai','khac',1),('RT-K03','Kệ kính LB K03','','','180x180(mm) \n',250000,0,0,0,'/assets/products/RT-K03.jpg','phu-tung-phu-kien','phu-kien-nha-tam','ke-kinh','cai','khac',1),('RT-K12','Kệ kính LB K12','','','250x250(mm) \n',170000,0,0,0,'/assets/products/RT-K12.jpg','phu-tung-phu-kien','phu-kien-nha-tam','ke-kinh','cai','khac',1),('RT-KC1','Treo chén inox RT-KC1','','','600x300(mm) \n',1500000,0,0,0,'/assets/products/RT-KC1.jpg','thiet-bi-nha-bep','do-dung-nha-bep','ro-chen','cai','khac',1),('RT-KC1-1','Treo chén inox RT-KC1','','','700x300(mm) \n',1650000,0,0,0,'/assets/products/RT-KC1.jpg','thiet-bi-nha-bep','do-dung-nha-bep','ro-chen','cai','khac',1),('RT-KC1-2','Treo chén inox RT-KC1','','','800x300(mm) \n',1800000,0,0,0,'/assets/products/RT-KC1.jpg','thiet-bi-nha-bep','do-dung-nha-bep','ro-chen','cai','khac',1),('RT-KGV2T','Kệ gia vị 2 tầng RT-KGV2T','','','',420000,0,0,0,'/assets/products/RT-KGV2T.jpg','thiet-bi-nha-bep','do-dung-nha-bep','treo-gia-vi','cai','khac',1),('RT-KGV3T','Kệ gia vị 3 tầng RT-KGV3T','','','',560000,0,0,0,'/assets/products/RT-KGV3T.jpg','thiet-bi-nha-bep','do-dung-nha-bep','treo-gia-vi','cai','khac',1),('RT-MKT04','Máng khăn tắm RT-MKT04','','','',270000,0,0,0,'/assets/products/RT-MKT04.jpg','phu-tung-phu-kien','phu-kien-nha-tam','mang-khan','cai','khac',1),('RT-T03','Gương soi LB T03','','','600x600(mm) \n',380000,0,0,0,'/assets/products/RT-T03.jpg','phu-tung-phu-kien','guong-soi','None','cai','khac',1),('RT-T06','Gương soi LB T06','','','600x800(mm) \n',480000,0,0,0,'/assets/products/RT-T06.jpg','phu-tung-phu-kien','guong-soi','None','cai','khac',1),('RT-T07','Gương soi LB T07','','','500x900(mm) \n',480000,0,0,0,'/assets/products/RT-T07.jpg','phu-tung-phu-kien','guong-soi','None','cai','khac',1),('RT-T09','Gương soi LB T09','','','600x600(mm) \n',380000,0,0,0,'/assets/products/RT-T09.jpg','phu-tung-phu-kien','guong-soi','None','cai','khac',1),('RT-T1','Phụ kiện inox LB T1','','','120x320(mm) \n',260000,0,0,0,'/assets/products/RT-T1.jpg','phu-tung-phu-kien','phu-kien-nha-tam','thang','cai','khac',1),('RT-T10','Gương soi LB T10','','','600x600(mm) \n',480000,0,0,0,'/assets/products/RT-T10.jpg','phu-tung-phu-kien','guong-soi','None','cai','khac',1),('RT-T11','Gương soi LB T11','','','500x700(mm) \n',380000,0,0,0,'/assets/products/RT-T11.jpg','phu-tung-phu-kien','guong-soi','None','cai','khac',1),('RT-T2','Phụ kiện inox LB T2','','','230x230(mm) \n',480000,0,0,0,'/assets/products/RT-T2.jpg','phu-tung-phu-kien','phu-kien-nha-tam','thang','cai','khac',1),('RT-T3','Phụ kiện inox LB T3','','','340x125(mm) \n',130000,0,0,0,'/assets/products/RT-T3.jpg','phu-tung-phu-kien','phu-kien-nha-tam','thang','cai','khac',1),('RT-T4','Phụ kiện inox LB T4','','','340x125x340(mm) \n',480000,0,0,0,'/assets/products/RT-T4.jpg','phu-tung-phu-kien','phu-kien-nha-tam','thang','cai','khac',1),('RT1-02','Gương màu RT102','','','450x600(mm) \n',300000,0,0,0,'/assets/products/RT1-02.jpg','phu-tung-phu-kien','guong-soi','guong-mau','cai','khac',1),('RT1-02-1','Gương màu RT102','','','500x700(mm) \n',350000,0,0,0,'/assets/products/RT1-02.jpg','phu-tung-phu-kien','guong-soi','guong-mau','cai','khac',1),('RT1-12','Gương màu RT112','','','450x600(mm) \n',300000,0,0,0,'/assets/products/RT1-12.jpg','phu-tung-phu-kien','guong-soi','guong-mau','cai','khac',1),('RT1-12-1','Gương màu RT112','','','500x700(mm) \n',350000,0,0,0,'/assets/products/RT1-12.jpg','phu-tung-phu-kien','guong-soi','guong-mau','cai','khac',1),('RT1-17','Gương màu RT117','','','450x600(mm) \n',300000,0,0,0,'/assets/products/RT1-17.jpg','phu-tung-phu-kien','guong-soi','guong-mau','cai','khac',1),('RT1-17-1','Gương màu RT117','','','500x700(mm) \n',350000,0,0,0,'/assets/products/RT1-17.jpg','phu-tung-phu-kien','guong-soi','guong-mau','cai','khac',1),('RT1-25','Gương màu RT125','','','450x600(mm) \n',300000,0,0,0,'/assets/products/RT1-25.jpg','phu-tung-phu-kien','guong-soi','guong-mau','cai','khac',1),('RT1-25-1','Gương màu RT125','','','500x700(mm) \n',350000,0,0,0,'/assets/products/RT1-25.jpg','phu-tung-phu-kien','guong-soi','guong-mau','cai','khac',1),('RT1-29','Gương màu RT129','','','450x600(mm) \n',300000,0,0,0,'/assets/products/RT1-29.jpg','phu-tung-phu-kien','guong-soi','guong-mau','cai','khac',1),('RT1-29-1','Gương màu RT129','','','500x700(mm) \n',350000,0,0,0,'/assets/products/RT1-29.jpg','phu-tung-phu-kien','guong-soi','guong-mau','cai','khac',1),('RT1-31','Gương màu RT131','','','450x600(mm) \n',300000,0,0,0,'/assets/products/RT1-31.jpg','phu-tung-phu-kien','guong-soi','guong-mau','cai','khac',1),('RT1-31-1','Gương màu RT131','','','500x700(mm) \n',350000,0,0,0,'/assets/products/RT1-31.jpg','phu-tung-phu-kien','guong-soi','guong-mau','cai','khac',1),('RT1-34','Gương màu RT134','','','450x600(mm) \n',300000,0,0,0,'/assets/products/RT1-34.jpg','phu-tung-phu-kien','guong-soi','guong-mau','cai','khac',1),('RT1-34-1','Gương màu RT134','','','500x700(mm) \n',350000,0,0,0,'/assets/products/RT1-34.jpg','phu-tung-phu-kien','guong-soi','guong-mau','cai','khac',1),('RT1-35','Gương màu RT135','','','450x600(mm) \n',300000,0,0,0,'/assets/products/RT1-35.jpg','phu-tung-phu-kien','guong-soi','guong-mau','cai','khac',1),('RT1-35-1','Gương màu RT135','','','500x700(mm) \n',350000,0,0,0,'/assets/products/RT1-35.jpg','phu-tung-phu-kien','guong-soi','guong-mau','cai','khac',1),('RT1-37','Gương màu RT137','','','450x600(mm) \n',300000,0,0,0,'/assets/products/RT1-37.jpg','phu-tung-phu-kien','guong-soi','guong-mau','cai','khac',1),('RT1-37-1','Gương màu RT137','','','500x700(mm) \n',350000,0,0,0,'/assets/products/RT1-37.jpg','phu-tung-phu-kien','guong-soi','guong-mau','cai','khac',1),('RT1-38','Gương màu RT138','','','450x600(mm) \n',300000,0,0,0,'/assets/products/RT1-38.jpg','phu-tung-phu-kien','guong-soi','guong-mau','cai','khac',1),('RT1-38-1','Gương màu RT138','','','500x700(mm) \n',350000,0,0,0,'/assets/products/RT1-38.jpg','phu-tung-phu-kien','guong-soi','guong-mau','cai','khac',1),('RT1-58','Gương màu RT158','','','450x600(mm) \n',300000,0,0,0,'/assets/products/RT1-58.jpg','phu-tung-phu-kien','guong-soi','guong-mau','cai','khac',1),('RT1-58-1','Gương màu RT158','','','500x700(mm) \n',350000,0,0,0,'/assets/products/RT1-58.jpg','phu-tung-phu-kien','guong-soi','guong-mau','cai','khac',1),('RT1-60','Gương màu RT160','','','450x600(mm) \n',300000,0,0,0,'/assets/products/RT1-60.jpg','phu-tung-phu-kien','guong-soi','guong-mau','cai','khac',1),('RT1-60-1','Gương màu RT160','','','500x700(mm) \n',350000,0,0,0,'/assets/products/RT1-60.jpg','phu-tung-phu-kien','guong-soi','guong-mau','cai','khac',1),('RT1-63','Gương màu RT163','','','450x600(mm) \n',300000,0,0,0,'/assets/products/RT1-63.jpg','phu-tung-phu-kien','guong-soi','guong-mau','cai','khac',1),('RT1-63-1','Gương màu RT163','','','500x700(mm) \n',350000,0,0,0,'/assets/products/RT1-63.jpg','phu-tung-phu-kien','guong-soi','guong-mau','cai','khac',1),('RT1-64','Gương màu RT164','','','450x600(mm) \n',300000,0,0,0,'/assets/products/RT1-64.jpg','phu-tung-phu-kien','guong-soi','guong-mau','cai','khac',1),('RT1-64-1','Gương màu RT164','','','500x700(mm) \n',350000,0,0,0,'/assets/products/RT1-64.jpg','phu-tung-phu-kien','guong-soi','guong-mau','cai','khac',1),('RT1-65','Gương màu RT165','','','450x600(mm) \n',300000,0,0,0,'/assets/products/RT1-65.jpg','phu-tung-phu-kien','guong-soi','guong-mau','cai','khac',1),('RT1-65-1','Gương màu RT165','','','500x700(mm) \n',350000,0,0,0,'/assets/products/RT1-65.jpg','phu-tung-phu-kien','guong-soi','guong-mau','cai','khac',1),('RT10048C.N','Chậu inox LB N','','','1000x480x230(mm) \n',3500000,0,0,0,'/assets/products/RT10048C.N.jpg','thiet-bi-nha-bep','chau-rua-chen','chau-inox','cai','khac',1),('RT2-02','Gương màu RT202','','','500x700(mm) \n',500000,0,0,0,'/assets/products/RT2-02.jpg','phu-tung-phu-kien','guong-soi','guong-mau','cai','khac',1),('RT2-12','Gương màu RT212','','','500x700(mm) \n',500000,0,0,0,'/assets/products/RT2-12.jpg','phu-tung-phu-kien','guong-soi','guong-mau','cai','khac',1),('RT2-17','Gương màu RT217','','','500x700(mm) \n',500000,0,0,0,'/assets/products/RT2-17.jpg','phu-tung-phu-kien','guong-soi','guong-mau','cai','khac',1),('RT2-25','Gương màu RT225','','','500x700(mm) \n',500000,0,0,0,'/assets/products/RT2-25.jpg','phu-tung-phu-kien','guong-soi','guong-mau','cai','khac',1),('RT2-29','Gương màu RT229','','','500x700(mm) \n',500000,0,0,0,'/assets/products/RT2-29.jpg','phu-tung-phu-kien','guong-soi','guong-mau','cai','khac',1),('RT2-31','Gương màu RT231','','','500x700(mm) \n',500000,0,0,0,'/assets/products/RT2-31.jpg','phu-tung-phu-kien','guong-soi','guong-mau','cai','khac',1),('RT2-34','Gương màu RT234','','','500x700(mm) \n',500000,0,0,0,'/assets/products/RT2-34.jpg','phu-tung-phu-kien','guong-soi','guong-mau','cai','khac',1),('RT2-35','Gương màu RT235','','','500x700(mm) \n',500000,0,0,0,'/assets/products/RT2-35.jpg','phu-tung-phu-kien','guong-soi','guong-mau','cai','khac',1),('RT2-37','Gương màu RT237','','','500x700(mm) \n',500000,0,0,0,'/assets/products/RT2-37.jpg','phu-tung-phu-kien','guong-soi','guong-mau','cai','khac',1),('RT2-38','Gương màu RT238','','','500x700(mm) \n',500000,0,0,0,'/assets/products/RT2-38.jpg','phu-tung-phu-kien','guong-soi','guong-mau','cai','khac',1),('RT2-58','Gương màu RT258','','','500x700(mm) \n',500000,0,0,0,'/assets/products/RT2-58.jpg','phu-tung-phu-kien','guong-soi','guong-mau','cai','khac',1),('RT2-60','Gương màu RT260','','','500x700(mm) \n',500000,0,0,0,'/assets/products/RT2-60.jpg','phu-tung-phu-kien','guong-soi','guong-mau','cai','khac',1),('RT2-63','Gương màu RT263','','','500x700(mm) \n',500000,0,0,0,'/assets/products/RT2-63.jpg','phu-tung-phu-kien','guong-soi','guong-mau','cai','khac',1),('RT2-64','Gương màu RT264','','','500x700(mm) \n',500000,0,0,0,'/assets/products/RT2-64.jpg','phu-tung-phu-kien','guong-soi','guong-mau','cai','khac',1),('RT2-65','Gương màu RT265','','','500x700(mm) \n',500000,0,0,0,'/assets/products/RT2-65.jpg','phu-tung-phu-kien','guong-soi','guong-mau','cai','khac',1),('RT4-01','Gương soi RT401','','','450x600(mm) \n',210000,0,0,0,'/assets/products/RT4-01.jpg','phu-tung-phu-kien','guong-soi','None','cai','khac',1),('RT4-01-1','Gương soi RT401','','','500x700(mm) \n',280000,0,0,0,'/assets/products/RT4-01.jpg','phu-tung-phu-kien','guong-soi','None','cai','khac',1),('RT4-02','Gương soi RT402','','','450x600(mm) \n',210000,0,0,0,'/assets/products/RT4-02.jpg','phu-tung-phu-kien','guong-soi','None','cai','khac',1),('RT4-02-1','Gương soi RT402','','','500x700(mm) \n',280000,0,0,0,'/assets/products/RT4-02.jpg','phu-tung-phu-kien','guong-soi','None','cai','khac',1),('RT4-03','Gương soi RT403','','','450x600(mm) \n',210000,0,0,0,'/assets/products/RT4-03.jpg','phu-tung-phu-kien','guong-soi','None','cai','khac',1),('RT4-03-1','Gương soi RT403','','','500x700(mm) \n',280000,0,0,0,'/assets/products/RT4-03.jpg','phu-tung-phu-kien','guong-soi','None','cai','khac',1),('RT5C-03','Gương soi LB 03','','','450x600(mm) \n',230000,0,0,0,'/assets/products/RT5C-03.jpg','phu-tung-phu-kien','guong-soi','None','cai','khac',1),('RT5C-03-1','Gương soi LB 03','','','500x700(mm) \n',300000,0,0,0,'/assets/products/RT5C-03.jpg','phu-tung-phu-kien','guong-soi','None','cai','khac',1),('RT5C-04','Gương soi LB 04','','','450x600(mm) \n',230000,0,0,0,'/assets/products/RT5C-04.jpg','phu-tung-phu-kien','guong-soi','None','cai','khac',1),('RT5C-04-1','Gương soi LB 04','','','500x700(mm) \n',300000,0,0,0,'/assets/products/RT5C-04.jpg','phu-tung-phu-kien','guong-soi','None','cai','khac',1),('RT5C-05','Gương soi LB 05','','','450x600(mm) \n',230000,0,0,0,'/assets/products/RT5C-05.jpg','phu-tung-phu-kien','guong-soi','None','cai','khac',1),('RT5C-05-1','Gương soi LB 05','','','500x700(mm) \n',300000,0,0,0,'/assets/products/RT5C-05.jpg','phu-tung-phu-kien','guong-soi','None','cai','khac',1),('RT5O-01','Gương soi LB 01','','','450x600(mm) \n',230000,0,0,0,'/assets/products/RT5O-01.jpg','phu-tung-phu-kien','guong-soi','None','cai','khac',1),('RT5O-01-1','Gương soi LB 01','','','500x700(mm) \n',300000,0,0,0,'/assets/products/RT5O-01.jpg','phu-tung-phu-kien','guong-soi','None','cai','khac',1),('RT5O-02','Gương soi LB 02','','','450x600(mm) \n',230000,0,0,0,'/assets/products/RT5O-02.jpg','phu-tung-phu-kien','guong-soi','None','cai','khac',1),('RT5O-02-1','Gương soi LB 02','','','500x700(mm) \n',300000,0,0,0,'/assets/products/RT5O-02.jpg','phu-tung-phu-kien','guong-soi','None','cai','khac',1),('RT5O-04','Gương soi LB 04','','','450x600(mm) \n',230000,0,0,0,'/assets/products/RT5O-04.jpg','phu-tung-phu-kien','guong-soi','None','cai','khac',1),('RT5O-04-1','Gương soi LB 04','','','500x700(mm) \n',300000,0,0,0,'/assets/products/RT5O-04.jpg','phu-tung-phu-kien','guong-soi','None','cai','khac',1),('RT5V-07','Gương soi LB 07','','','450x600(mm) \n',230000,0,0,0,'/assets/products/RT5V-07.jpg','phu-tung-phu-kien','guong-soi','None','cai','khac',1),('RT5V-07-1','Gương soi LB 07','','','500x700(mm) \n',300000,0,0,0,'/assets/products/RT5V-07.jpg','phu-tung-phu-kien','guong-soi','None','cai','khac',1),('RT5V-12','Gương soi LB 12','','','450x600(mm) \n',230000,0,0,0,'/assets/products/RT5V-12.jpg','phu-tung-phu-kien','guong-soi','None','cai','khac',1),('RT5V-12-1','Gương soi LB 12','','','500x700(mm) \n',300000,0,0,0,'/assets/products/RT5V-12.jpg','phu-tung-phu-kien','guong-soi','None','cai','khac',1),('S 483','Tủ lavabo S483','','','480x370x375(mm) \n',2400000,0,0,0,'/assets/products/S 483.jpg','thiet-bi-nha-ve-sinh','lavabo','tu-lavabo','cai','khac',1),('SBT-01','Sen tắm SBT01','','','',5600000,0,0,0,'/assets/products/SBT-01.jpg','thiet-bi-phong-tam','sen-tam-nong-lanh','sen-bon-tam','cai','khac',1),('SBT-02','Sen tắm SBT02','','','',5800000,0,0,0,'/assets/products/SBT-02.jpg','thiet-bi-phong-tam','sen-tam-nong-lanh','sen-bon-tam','cai','khac',1),('SC-01','Sen cây SC01','','','',4300000,0,0,0,'/assets/products/SC-01.jpg','thiet-bi-phong-tam','sen-tam-nong-lanh','sen-cay-nong-lanh','cai','khac',1),('SC-02','Sen cây SC02','','','',6400000,0,0,0,'/assets/products/SC-02.jpg','thiet-bi-phong-tam','sen-tam-nong-lanh','sen-cay-nong-lanh','cai','khac',1),('SC-03','Sen cây SC03','','','',4300000,0,0,0,'/assets/products/SC-03.jpg','thiet-bi-phong-tam','sen-tam-nong-lanh','sen-cay-nong-lanh','cai','khac',1),('SC-04','Sen cây SC04','','','',4600000,0,0,0,'/assets/products/SC-04.jpg','thiet-bi-phong-tam','sen-tam-nong-lanh','sen-thuyen-nong-lanh','cai','khac',1),('SC-05','Sen cây SC05','','','',2350000,0,0,0,'/assets/products/SC-05.jpg','thiet-bi-phong-tam','sen-tam-nong-lanh','sen-cay-nong-lanh','cai','khac',1),('SC-06','Sen cây SC06','','','',2300000,0,0,0,'/assets/products/SC-06.jpg','thiet-bi-phong-tam','sen-tam','sen-cay','cai','khac',1),('SC-07','Sen cây SC07','','','',1700000,0,0,0,'/assets/products/SC-07.jpg','thiet-bi-phong-tam','sen-tam','sen-cay','cai','khac',1),('SC-08','Sen cây SC08','','','',2300000,0,0,0,'/assets/products/SC-08.jpg','thiet-bi-phong-tam','sen-tam','sen-cay','cai','khac',1),('SC-09','Sen cây SC09','','','',2500000,0,0,0,'/assets/products/SC-09.jpg','thiet-bi-phong-tam','sen-tam-nong-lanh','sen-cay-nong-lanh','cai','khac',1),('SC-10','Sen cây SC10','','','',2500000,0,0,0,'/assets/products/SC-10.jpg','thiet-bi-phong-tam','sen-tam-nong-lanh','sen-cay-nong-lanh','cai','khac',1),('SC-11','Sen cây SC11','','','',2500000,0,0,0,'/assets/products/SC-11.jpg','thiet-bi-phong-tam','sen-tam-nong-lanh','sen-cay-nong-lanh','cai','khac',1),('SC-12','Sen cây SC12','','','',2500000,0,0,0,'/assets/products/SC-12.jpg','thiet-bi-phong-tam','sen-tam-nong-lanh','sen-cay-nong-lanh','cai','khac',1),('SC-13D','Sen thuyền LB 13D','','','',3500000,0,0,0,'/assets/products/SC-13D.jpg','thiet-bi-phong-tam','sen-tam-nong-lanh','sen-thuyen-nong-lanh','cai','khac',1),('SC-13T','Sen thuyền LB 13T','','','',3500000,0,0,0,'/assets/products/SC-13T.jpg','thiet-bi-phong-tam','sen-tam-nong-lanh','sen-thuyen-nong-lanh','cai','khac',1),('SC-13V','Sen thuyền LB 13V','','','',3500000,0,0,0,'/assets/products/SC-13V.jpg','thiet-bi-phong-tam','sen-tam-nong-lanh','sen-thuyen-nong-lanh','cai','khac',1),('SC-14','Sen cây SC14','','','',2700000,0,0,0,'/assets/products/SC-14.jpg','thiet-bi-phong-tam','sen-tam-nong-lanh','sen-cay-nong-lanh','cai','khac',1),('SC-15','Sen cây SC15','','','',3500000,0,0,0,'/assets/products/SC-15.jpg','thiet-bi-phong-tam','sen-tam-nong-lanh','sen-cay-nong-lanh','cai','khac',1),('SC-16','Sen cây SC16','','','',2300000,0,0,0,'/assets/products/SC-16.jpg','thiet-bi-phong-tam','sen-tam-nong-lanh','sen-cay-nong-lanh','cai','khac',1),('SC-17','Sen cây SC17','','','',2600000,0,0,0,'/assets/products/SC-17.jpg','thiet-bi-phong-tam','sen-tam-nong-lanh','sen-cay-nong-lanh','cai','khac',1),('SC-18','Sen cây SC18','','','',2700000,0,0,0,'/assets/products/SC-18.jpg','thiet-bi-phong-tam','sen-tam-nong-lanh','sen-cay-nong-lanh','cai','khac',1),('SC-19','Sen cây SC19','','','',2300000,0,0,0,'/assets/products/SC-19.jpg','thiet-bi-phong-tam','sen-tam-nong-lanh','sen-cay-nong-lanh','cai','khac',1),('SC-20','Sen cây SC20','','','',2300000,0,0,0,'/assets/products/SC-20.jpg','thiet-bi-phong-tam','sen-tam-nong-lanh','sen-cay-nong-lanh','cai','khac',1),('SC-21','Sen cây SC21','','','',3000000,0,0,0,'/assets/products/SC-21.jpg','thiet-bi-phong-tam','sen-tam-nong-lanh','sen-cay-nong-lanh','cai','khac',1),('SC-22','Sen cây SC22','','','',3900000,0,0,0,'/assets/products/SC-22.jpg','thiet-bi-phong-tam','sen-tam-nong-lanh','sen-cay-nong-lanh','cai','khac',1),('SC-23','Sen cây SC23','','','',2900000,0,0,0,'/assets/products/SC-23.jpg','thiet-bi-phong-tam','sen-tam-nong-lanh','sen-cay-nong-lanh','cai','khac',1),('SC-24','Sen cây SC24','','','',3100000,0,0,0,'/assets/products/SC-24.jpg','thiet-bi-phong-tam','sen-tam-nong-lanh','sen-cay-nong-lanh','cai','khac',1),('SC-25','Sen cây SC25','','','',2300000,0,0,0,'/assets/products/SC-25.jpg','thiet-bi-phong-tam','sen-tam-nong-lanh','sen-cay-nong-lanh','cai','khac',1),('SC-26','Sen cây SC26','','','',3900000,0,0,0,'/assets/products/SC-26.jpg','thiet-bi-phong-tam','sen-tam-nong-lanh','sen-cay-nong-lanh','cai','khac',1),('SC-27','Sen cây SC27','','','',5000000,0,0,0,'/assets/products/SC-27.jpg','thiet-bi-phong-tam','sen-tam-nong-lanh','sen-am-tuong-nong-lanh','cai','khac',1),('SC-28','Sen cây SC28','','','',4800000,0,0,0,'/assets/products/SC-28.jpg','thiet-bi-phong-tam','sen-tam-nong-lanh','sen-am-tuong-nong-lanh','cai','khac',1),('SC-29','Sen cây SC29','','','',4400000,0,0,0,'/assets/products/SC-29.jpg','thiet-bi-phong-tam','sen-tam-nong-lanh','sen-thuyen-nong-lanh','cai','khac',1),('SD','Sào đơn','','','',170000,0,0,0,'/assets/products/SD.jpg','thiet-bi-khac','ban-thien','None','cai','khac',1),('SD-1','Sào đơn','','','',360000,0,0,0,'/assets/products/SD.jpg','thiet-bi-khac','ban-thien','None','cai','khac',1),('SNL-01','Củ sen tắm SNL01','','','',840000,0,0,0,'/assets/products/SNL-01.jpg','thiet-bi-phong-tam','cu-sen','cu-sen-nong-lanh','bo','khac',1),('SNL-02','Củ sen tắm SNL02','','','',1200000,0,0,0,'/assets/products/SNL-02.jpg','thiet-bi-phong-tam','cu-sen','cu-sen-nong-lanh','bo','khac',1),('SNL-03','Củ sen tắm SNL03','','','',1160000,0,0,0,'/assets/products/SNL-03.jpg','thiet-bi-phong-tam','cu-sen','cu-sen-nong-lanh','bo','khac',1),('SNL-04','Củ sen tắm SNL04','','','',1160000,0,0,0,'/assets/products/SNL-04.jpg','thiet-bi-phong-tam','cu-sen','cu-sen-nong-lanh','bo','khac',1),('SNL-05','Củ sen tắm SNL05','','','',1700000,0,0,0,'/assets/products/SNL-05.jpg','thiet-bi-phong-tam','cu-sen','cu-sen-nong-lanh','bo','khac',1),('SNL-06','Củ sen tắm SNL06','','','',1840000,0,0,0,'/assets/products/SNL-06.jpg','thiet-bi-phong-tam','cu-sen','cu-sen-nong-lanh','bo','khac',1),('SNL-07','Củ sen tắm SNL07','','','',1700000,0,0,0,'/assets/products/SNL-07.jpg','thiet-bi-phong-tam','cu-sen','cu-sen-nong-lanh','bo','khac',1),('SNL-08','Củ sen tắm SNL08','','','',1250000,0,0,0,'/assets/products/SNL-08.jpg','thiet-bi-phong-tam','cu-sen','cu-sen-nong-lanh','bo','khac',1),('SNL-09','Củ sen tắm SNL09','','','',1650000,0,0,0,'/assets/products/SNL-09.jpg','thiet-bi-phong-tam','cu-sen','cu-sen-nong-lanh','bo','khac',1),('ST-01','Tay sen tắm ST01','','','',98000,0,0,0,'/assets/products/ST-01.jpg','phu-tung-phu-kien','tay-sen','None','cai','khac',1),('ST-02','Tay sen tắm ST02','','','',116000,0,0,0,'/assets/products/ST-02.jpg','phu-tung-phu-kien','tay-sen','None','cai','khac',1),('ST-03','Tay sen tắm ST03','','','',128000,0,0,0,'/assets/products/ST-03.jpg','phu-tung-phu-kien','tay-sen','None','cai','khac',1),('ST-04','Tay sen tắm ST04','','','',128000,0,0,0,'/assets/products/ST-04.jpg','phu-tung-phu-kien','tay-sen','None','cai','khac',1),('ST-05','Tay sen tắm ST05','','','',148000,0,0,0,'/assets/products/ST-05.jpg','phu-tung-phu-kien','tay-sen','None','cai','khac',1),('ST-06','Tay sen tắm ST06','','','',148000,0,0,0,'/assets/products/ST-06.jpg','phu-tung-phu-kien','tay-sen','None','cai','khac',1),('ST-07','Tay sen tắm ST07','','','',128000,0,0,0,'/assets/products/ST-07.jpg','phu-tung-phu-kien','tay-sen','None','cai','khac',1),('ST-08','Tay sen tắm ST08','','','',154000,0,0,0,'/assets/products/ST-08.jpg','phu-tung-phu-kien','tay-sen','None','cai','khac',1),('ST-09','Tay sen tắm ST09','','','',170000,0,0,0,'/assets/products/ST-09.jpg','phu-tung-phu-kien','tay-sen','None','cai','khac',1),('ST-10','Tay sen tắm ST10','','','',154000,0,0,0,'/assets/products/ST-10.jpg','phu-tung-phu-kien','tay-sen','None','cai','khac',1),('ST-11','Tay sen tắm ST11','','','',305000,0,0,0,'/assets/products/ST-11.jpg','phu-tung-phu-kien','tay-sen','None','cai','khac',1),('ST-12','Tay sen tắm ST12','','','',128000,0,0,0,'/assets/products/ST-12.jpg','phu-tung-phu-kien','tay-sen','None','cai','khac',1),('ST-13','Tay sen tắm ST13','','','',172000,0,0,0,'/assets/products/ST-13.jpg','phu-tung-phu-kien','tay-sen','None','cai','khac',1),('ST-14','Tay sen tắm ST14','','','',208000,0,0,0,'/assets/products/ST-14.jpg','phu-tung-phu-kien','tay-sen','None','cai','khac',1),('ST-15','Tay sen tắm ST15','','','',172000,0,0,0,'/assets/products/ST-15.jpg','phu-tung-phu-kien','tay-sen','None','cai','khac',1),('ST-16','Tay sen tắm ST16','','','',172000,0,0,0,'/assets/products/ST-16.jpg','phu-tung-phu-kien','tay-sen','None','cai','khac',1),('ST-17','Tay sen tắm ST17','','','',182000,0,0,0,'/assets/products/ST-17.jpg','phu-tung-phu-kien','tay-sen','None','cai','khac',1),('ST-18','Tay sen tắm ST18','','','',182000,0,0,0,'/assets/products/ST-18.jpg','phu-tung-phu-kien','tay-sen','None','cai','khac',1),('ST-19','Tay sen tắm ST19','','','',172000,0,0,0,'/assets/products/ST-19.jpg','phu-tung-phu-kien','tay-sen','None','cai','khac',1),('ST-20','Tay sen tắm ST20','','','',172000,0,0,0,'/assets/products/ST-20.jpg','phu-tung-phu-kien','tay-sen','None','cai','khac',1),('ST-21','Tay sen tắm ST21','','','',172000,0,0,0,'/assets/products/ST-21.jpg','phu-tung-phu-kien','tay-sen','None','cai','khac',1),('ST-22','Tay sen tắm ST22','','','',310000,0,0,0,'/assets/products/ST-22.jpg','phu-tung-phu-kien','tay-sen','None','cai','khac',1),('ST-23','Tay sen tắm ST23','','','',230000,0,0,0,'/assets/products/ST-23.jpg','phu-tung-phu-kien','tay-sen','None','cai','khac',1),('ST-24','Tay sen tắm ST24','','','',230000,0,0,0,'/assets/products/ST-24.jpg','phu-tung-phu-kien','tay-sen','None','cai','khac',1),('ST-25','Tay sen tắm ST25','','','',268000,0,0,0,'/assets/products/ST-25.jpg','phu-tung-phu-kien','tay-sen','None','cai','khac',1),('ST-26','Tay sen tắm ST26','','','',128000,0,0,0,'/assets/products/ST-26.jpg','phu-tung-phu-kien','tay-sen','None','cai','khac',1),('ST-27','Tay sen tắm ST27','','','',148000,0,0,0,'/assets/products/ST-27.jpg','phu-tung-phu-kien','tay-sen','None','cai','khac',1),('ST-28','Tay sen tắm ST28','','','',148000,0,0,0,'/assets/products/ST-28.jpg','phu-tung-phu-kien','tay-sen','None','cai','khac',1),('ST-29','Tay sen tắm ST29','','','',168000,0,0,0,'/assets/products/ST-29.jpg','phu-tung-phu-kien','tay-sen','None','cai','khac',1),('ST-30','Tay sen tắm ST30','','','',188000,0,0,0,'/assets/products/ST-30.jpg','phu-tung-phu-kien','tay-sen','None','cai','khac',1),('ST-31','Tay sen tắm ST31','','','',168000,0,0,0,'/assets/products/ST-31.jpg','phu-tung-phu-kien','tay-sen','None','cai','khac',1),('T-021','Tủ lavabo T021','','','800x480(mm) \n',9200000,0,0,0,'/assets/products/T-021.jpg','thiet-bi-nha-ve-sinh','lavabo','tu-lavabo','bo','khac',1),('T-304','Van khóa T304','','','',98000,0,0,0,'/assets/products/T-304.jpg','phu-tung-phu-kien','van-khoa','None','cai','khac',1),('T-701','Tủ lavabo T701','','','700x480(mm) \n',8980000,0,0,0,'/assets/products/T-701.jpg','thiet-bi-nha-ve-sinh','lavabo','tu-lavabo','bo','khac',1),('T-802','Tủ lavabo T802','','','800x480(mm) \n',9180000,0,0,0,'/assets/products/T-802.jpg','thiet-bi-nha-ve-sinh','lavabo','tu-lavabo','bo','khac',1),('T-803','Tủ lavabo T803','','','800x480(mm) \n',9780000,0,0,0,'/assets/products/T-803.jpg','thiet-bi-nha-ve-sinh','lavabo','tu-lavabo','bo','khac',1),('T-804','Tủ lavabo T804','','','800x480(mm) \n',11580000,0,0,0,'/assets/products/T-804.jpg','thiet-bi-nha-ve-sinh','lavabo','tu-lavabo','bo','khac',1),('T-805','Tủ lavabo T805','','','800x480(mm) \n',9380000,0,0,0,'/assets/products/T-805.jpg','thiet-bi-nha-ve-sinh','lavabo','tu-lavabo','cai','khac',1),('T01','Bàn cầu khối T01','','','700x385x785(mm) \ntâm xả 300/400mm',3300000,0,0,0,'/assets/products/T01.jpg','thiet-bi-nha-ve-sinh','ban-cau','ban-cau-lien-khoi','cai','khac',1),('T02','Bàn cầu khối T02','','','700x390x655(mm) \ntâm xả 300/400mm',3500000,0,0,0,'/assets/products/T02.jpg','thiet-bi-nha-ve-sinh','ban-cau','ban-cau-lien-khoi','cai','khac',1),('T03','Bàn cầu khối T03','','','720x390x620(mm) \ntâm xả 300/400mm',3800000,0,0,0,'/assets/products/T03.jpg','thiet-bi-nha-ve-sinh','ban-cau','ban-cau-lien-khoi','cai','khac',1),('T04','Bàn cầu khối T04','','','700x390x775(mm) \ntâm xả 300/400mm',3700000,0,0,0,'/assets/products/T04.jpg','thiet-bi-nha-ve-sinh','ban-cau','ban-cau-lien-khoi','cai','khac',1),('T05','Bàn cầu khối T05','','','650x360x745(mm) \ntâm xả 300/400mm',3100000,0,0,0,'/assets/products/T05.jpg','thiet-bi-nha-ve-sinh','ban-cau','ban-cau-lien-khoi','cai','khac',1),('T07','Bàn cầu khối T07','','','725x370x780(mm) \ntâm xả 300/400mm',3500000,0,0,0,'/assets/products/T07.jpg','thiet-bi-nha-ve-sinh','ban-cau','ban-cau-lien-khoi','cai','khac',1),('T13','Bàn cầu khối T13','','','680x375x835(mm) \ntâm xả 300/400mm',4100000,0,0,0,'/assets/products/T13.jpg','thiet-bi-nha-ve-sinh','ban-cau','ban-cau-lien-khoi','cai','khac',1),('T14','Bàn cầu khối T14','','','720x390x620(mm) \ntâm xả 300/400mm',3500000,0,0,0,'/assets/products/T14.jpg','thiet-bi-nha-ve-sinh','ban-cau','ban-cau-lien-khoi','cai','khac',1),('T15','Bàn cầu khối T15','','','720x390x620(mm) \ntâm xả 300/400mm',3800000,0,0,0,'/assets/products/T15.jpg','thiet-bi-nha-ve-sinh','ban-cau','ban-cau-lien-khoi','cai','khac',1),('T17','Bàn cầu trứng T17 ','','','660x430x550(mm) \ntâm xả 300/400mm',6300000,0,0,0,'/assets/products/T17.jpg','thiet-bi-nha-ve-sinh','ban-cau','ban-cau-lien-khoi','cai','khac',1),('T1T-01','Thẳng 1 tầng-01','','','',308000,0,0,0,'/assets/products/T1T-01.jpg','phu-tung-phu-kien','phu-kien-nha-tam','goc','cai','khac',1),('T1T-02','Thẳng 1 tầng-02','','','',328000,0,0,0,'/assets/products/T1T-02.jpg','phu-tung-phu-kien','phu-kien-nha-tam','goc','cai','khac',1),('T2T-01','Thẳng 2 tầng-01','','','',558000,0,0,0,'/assets/products/T2T-01.jpg','phu-tung-phu-kien','phu-kien-nha-tam','goc','cai','khac',1),('T2T-02','Thẳng 2 tầng-02','','','',558000,0,0,0,'/assets/products/T2T-02.jpg','phu-tung-phu-kien','phu-kien-nha-tam','goc','cai','khac',1),('TB 05','Tủ lavabo TB05','','','430x420x480(mm) \n',900000,0,0,0,'/assets/products/TB 05.jpg','thiet-bi-nha-ve-sinh','lavabo','tu-lavabo','cai','khac',1),('TC 304','Van khóa TC304','','','',38000,0,0,0,'/assets/products/TC 304.jpg','phu-tung-phu-kien','van-khoa','None','cai','khac',1),('TCL-03','Treo chén la-03','','','300x500(mm) \n',440000,0,0,0,'/assets/products/TCL-03.jpg','thiet-bi-nha-bep','do-dung-nha-bep','treo-chen','cai','khac',1),('TCL-03-1','Treo chén la-03','','','300x600(mm) \n',500000,0,0,0,'/assets/products/TCL-03.jpg','thiet-bi-nha-bep','do-dung-nha-bep','treo-chen','cai','khac',1),('TCL-03-10','Treo chén la-03','','','300x900(mm) \n',1460000,0,0,0,'/assets/products/TCL-03.jpg','thiet-bi-nha-bep','do-dung-nha-bep','treo-chen','cai','khac',1),('TCL-03-11','Treo chén la-03','','','300x1000(mm) \n',1600000,0,0,0,'/assets/products/TCL-03.jpg','thiet-bi-nha-bep','do-dung-nha-bep','treo-chen','cai','khac',1),('TCL-03-2','Treo chén la-03','','','300x700(mm) \n',560000,0,0,0,'/assets/products/TCL-03.jpg','thiet-bi-nha-bep','do-dung-nha-bep','treo-chen','cai','khac',1),('TCL-03-3','Treo chén la-03','','','300x800(mm) \n',620000,0,0,0,'/assets/products/TCL-03.jpg','thiet-bi-nha-bep','do-dung-nha-bep','treo-chen','cai','khac',1),('TCL-03-4','Treo chén la-03','','','300x900(mm) \n',680000,0,0,0,'/assets/products/TCL-03.jpg','thiet-bi-nha-bep','do-dung-nha-bep','treo-chen','cai','khac',1),('TCL-03-5','Treo chén la-03','','','300x1000(mm) \n',740000,0,0,0,'/assets/products/TCL-03.jpg','thiet-bi-nha-bep','do-dung-nha-bep','treo-chen','cai','khac',1),('TCL-03-6','Treo chén la-03','','','300x500(mm) \n',900000,0,0,0,'/assets/products/TCL-03.jpg','thiet-bi-nha-bep','do-dung-nha-bep','treo-chen','cai','khac',1),('TCL-03-7','Treo chén la-03','','','300x600(mm) \n',1100000,0,0,0,'/assets/products/TCL-03.jpg','thiet-bi-nha-bep','do-dung-nha-bep','treo-chen','cai','khac',1),('TCL-03-8','Treo chén la-03','','','300x700(mm) \n',1220000,0,0,0,'/assets/products/TCL-03.jpg','thiet-bi-nha-bep','do-dung-nha-bep','treo-chen','cai','khac',1),('TCL-03-9','Treo chén la-03','','','300x800(mm) \n',1340000,0,0,0,'/assets/products/TCL-03.jpg','thiet-bi-nha-bep','do-dung-nha-bep','treo-chen','cai','khac',1),('TCLDN-05','Treo chén la đa năng-05','','','300x500(mm) \n',560000,0,0,0,'/assets/products/TCLDN-05.jpg','thiet-bi-nha-bep','do-dung-nha-bep','treo-chen','cai','khac',1),('TCLDN-05-1','Treo chén la đa năng-05','','','300x600(mm) \n',620000,0,0,0,'/assets/products/TCLDN-05.jpg','thiet-bi-nha-bep','do-dung-nha-bep','treo-chen','cai','khac',1),('TCLDN-05-10','Treo chén la đa năng-05','','','300x900(mm) \n',1760000,0,0,0,'/assets/products/TCLDN-05.jpg','thiet-bi-nha-bep','do-dung-nha-bep','treo-chen','cai','khac',1),('TCLDN-05-11','Treo chén la đa năng-05','','','300x1000(mm) \n',1900000,0,0,0,'/assets/products/TCLDN-05.jpg','thiet-bi-nha-bep','do-dung-nha-bep','treo-chen','cai','khac',1),('TCLDN-05-2','Treo chén la đa năng-05','','','300x700(mm) \n',680000,0,0,0,'/assets/products/TCLDN-05.jpg','thiet-bi-nha-bep','do-dung-nha-bep','treo-chen','cai','khac',1),('TCLDN-05-3','Treo chén la đa năng-05','','','300x800(mm) \n',740000,0,0,0,'/assets/products/TCLDN-05.jpg','thiet-bi-nha-bep','do-dung-nha-bep','treo-chen','cai','khac',1),('TCLDN-05-4','Treo chén la đa năng-05','','','300x900(mm) \n',800000,0,0,0,'/assets/products/TCLDN-05.jpg','thiet-bi-nha-bep','do-dung-nha-bep','treo-chen','cai','khac',1),('TCLDN-05-5','Treo chén la đa năng-05','','','300x1000(mm) \n',860000,0,0,0,'/assets/products/TCLDN-05.jpg','thiet-bi-nha-bep','do-dung-nha-bep','treo-chen','cai','khac',1),('TCLDN-05-6','Treo chén la đa năng-05','','','300x500(mm) \n',1200000,0,0,0,'/assets/products/TCLDN-05.jpg','thiet-bi-nha-bep','do-dung-nha-bep','treo-chen','cai','khac',1),('TCLDN-05-7','Treo chén la đa năng-05','','','300x600(mm) \n',1400000,0,0,0,'/assets/products/TCLDN-05.jpg','thiet-bi-nha-bep','do-dung-nha-bep','treo-chen','cai','khac',1),('TCLDN-05-8','Treo chén la đa năng-05','','','300x700(mm) \n',1520000,0,0,0,'/assets/products/TCLDN-05.jpg','thiet-bi-nha-bep','do-dung-nha-bep','treo-chen','cai','khac',1),('TCLDN-05-9','Treo chén la đa năng-05','','','300x800(mm) \n',1640000,0,0,0,'/assets/products/TCLDN-05.jpg','thiet-bi-nha-bep','do-dung-nha-bep','treo-chen','cai','khac',1),('TCLDN-07','Treo chén la đa năng-07','','','300x500(mm) \n',560000,0,0,0,'/assets/products/TCLDN-07.jpg','thiet-bi-nha-bep','do-dung-nha-bep','treo-chen','cai','khac',1),('TCLDN-07-1','Treo chén la đa năng-07','','','300x600(mm) \n',620000,0,0,0,'/assets/products/TCLDN-07.jpg','thiet-bi-nha-bep','do-dung-nha-bep','treo-chen','cai','khac',1),('TCLDN-07-10','Treo chén la đa năng-07','','','300x900(mm) \n',1760000,0,0,0,'/assets/products/TCLDN-07.jpg','thiet-bi-nha-bep','do-dung-nha-bep','treo-chen','cai','khac',1),('TCLDN-07-11','Treo chén la đa năng-07','','','300x1000(mm) \n',1900000,0,0,0,'/assets/products/TCLDN-07.jpg','thiet-bi-nha-bep','do-dung-nha-bep','treo-chen','cai','khac',1),('TCLDN-07-2','Treo chén la đa năng-07','','','300x700(mm) \n',680000,0,0,0,'/assets/products/TCLDN-07.jpg','thiet-bi-nha-bep','do-dung-nha-bep','treo-chen','cai','khac',1),('TCLDN-07-3','Treo chén la đa năng-07','','','300x800(mm) \n',740000,0,0,0,'/assets/products/TCLDN-07.jpg','thiet-bi-nha-bep','do-dung-nha-bep','treo-chen','cai','khac',1),('TCLDN-07-4','Treo chén la đa năng-07','','','300x900(mm) \n',800000,0,0,0,'/assets/products/TCLDN-07.jpg','thiet-bi-nha-bep','do-dung-nha-bep','treo-chen','cai','khac',1),('TCLDN-07-5','Treo chén la đa năng-07','','','300x1000(mm) \n',860000,0,0,0,'/assets/products/TCLDN-07.jpg','thiet-bi-nha-bep','do-dung-nha-bep','treo-chen','cai','khac',1),('TCLDN-07-6','Treo chén la đa năng-07','','','300x500(mm) \n',1200000,0,0,0,'/assets/products/TCLDN-07.jpg','thiet-bi-nha-bep','do-dung-nha-bep','treo-chen','cai','khac',1),('TCLDN-07-7','Treo chén la đa năng-07','','','300x600(mm) \n',1400000,0,0,0,'/assets/products/TCLDN-07.jpg','thiet-bi-nha-bep','do-dung-nha-bep','treo-chen','cai','khac',1),('TCLDN-07-8','Treo chén la đa năng-07','','','300x700(mm) \n',1520000,0,0,0,'/assets/products/TCLDN-07.jpg','thiet-bi-nha-bep','do-dung-nha-bep','treo-chen','cai','khac',1),('TCLDN-07-9','Treo chén la đa năng-07','','','300x800(mm) \n',1640000,0,0,0,'/assets/products/TCLDN-07.jpg','thiet-bi-nha-bep','do-dung-nha-bep','treo-chen','cai','khac',1),('TCLT-01','Treo chén la thẻ-01','','','300x500(mm) \n',640000,0,0,0,'/assets/products/TCLT-01.jpg','thiet-bi-nha-bep','do-dung-nha-bep','treo-chen','cai','khac',1),('TCLT-01-1','Treo chén la thẻ-01','','','300x600(mm) \n',700000,0,0,0,'/assets/products/TCLT-01.jpg','thiet-bi-nha-bep','do-dung-nha-bep','treo-chen','cai','khac',1),('TCLT-01-2','Treo chén la thẻ-01','','','300x700(mm) \n',760000,0,0,0,'/assets/products/TCLT-01.jpg','thiet-bi-nha-bep','do-dung-nha-bep','treo-chen','cai','khac',1),('TCLT-01-3','Treo chén la thẻ-01','','','300x800(mm) \n',820000,0,0,0,'/assets/products/TCLT-01.jpg','thiet-bi-nha-bep','do-dung-nha-bep','treo-chen','cai','khac',1),('TCLT-01-4','Treo chén la thẻ-01','','','300x900(mm) \n',880000,0,0,0,'/assets/products/TCLT-01.jpg','thiet-bi-nha-bep','do-dung-nha-bep','treo-chen','cai','khac',1),('TCLT-01-5','Treo chén la thẻ-01','','','300x1000(mm) \n',940000,0,0,0,'/assets/products/TCLT-01.jpg','thiet-bi-nha-bep','do-dung-nha-bep','treo-chen','cai','khac',1),('TCLTDN-02','Treo chén la thẻ đa năng-02','','','300x500(mm) \n',740000,0,0,0,'/assets/products/TCLTDN-02.jpg','thiet-bi-nha-bep','do-dung-nha-bep','treo-chen','cai','khac',1),('TCLTDN-02-1','Treo chén la thẻ đa năng-02','','','300x600(mm) \n',800000,0,0,0,'/assets/products/TCLTDN-02.jpg','thiet-bi-nha-bep','do-dung-nha-bep','treo-chen','cai','khac',1),('TCLTDN-02-2','Treo chén la thẻ đa năng-02','','','300x700(mm) \n',860000,0,0,0,'/assets/products/TCLTDN-02.jpg','thiet-bi-nha-bep','do-dung-nha-bep','treo-chen','cai','khac',1),('TCLTDN-02-3','Treo chén la thẻ đa năng-02','','','300x800(mm) \n',920000,0,0,0,'/assets/products/TCLTDN-02.jpg','thiet-bi-nha-bep','do-dung-nha-bep','treo-chen','cai','khac',1),('TCLTDN-02-4','Treo chén la thẻ đa năng-02','','','300x900(mm) \n',980000,0,0,0,'/assets/products/TCLTDN-02.jpg','thiet-bi-nha-bep','do-dung-nha-bep','treo-chen','cai','khac',1),('TCLTDN-02-5','Treo chén la thẻ đa năng-02','','','300x1000(mm) \n',1040000,0,0,0,'/assets/products/TCLTDN-02.jpg','thiet-bi-nha-bep','do-dung-nha-bep','treo-chen','cai','khac',1),('TCO-04','Treo chén ống-04','','','300x500(mm) \n',320000,0,0,0,'/assets/products/TCO-04.jpg','thiet-bi-nha-bep','do-dung-nha-bep','treo-chen','cai','khac',1),('TCO-04-1','Treo chén ống-04','','','300x600(mm) \n',360000,0,0,0,'/assets/products/TCO-04.jpg','thiet-bi-nha-bep','do-dung-nha-bep','treo-chen','cai','khac',1),('TCO-04-10','Treo chén ống-04','','','300x900(mm) \n',920000,0,0,0,'/assets/products/TCO-04.jpg','thiet-bi-nha-bep','do-dung-nha-bep','treo-chen','cai','khac',1),('TCO-04-11','Treo chén ống-04','','','300x1000(mm) \n',1000000,0,0,0,'/assets/products/TCO-04.jpg','thiet-bi-nha-bep','do-dung-nha-bep','treo-chen','cai','khac',1),('TCO-04-2','Treo chén ống-04','','','300x700(mm) \n',400000,0,0,0,'/assets/products/TCO-04.jpg','thiet-bi-nha-bep','do-dung-nha-bep','treo-chen','cai','khac',1),('TCO-04-3','Treo chén ống-04','','','300x800(mm) \n',440000,0,0,0,'/assets/products/TCO-04.jpg','thiet-bi-nha-bep','do-dung-nha-bep','treo-chen','cai','khac',1),('TCO-04-4','Treo chén ống-04','','','300x900(mm) \n',480000,0,0,0,'/assets/products/TCO-04.jpg','thiet-bi-nha-bep','do-dung-nha-bep','treo-chen','cai','khac',1),('TCO-04-5','Treo chén ống-04','','','300x1000(mm) \n',520000,0,0,0,'/assets/products/TCO-04.jpg','thiet-bi-nha-bep','do-dung-nha-bep','treo-chen','cai','khac',1),('TCO-04-6','Treo chén ống-04','','','300x500(mm) \n',600000,0,0,0,'/assets/products/TCO-04.jpg','thiet-bi-nha-bep','do-dung-nha-bep','treo-chen','cai','khac',1),('TCO-04-7','Treo chén ống-04','','','300x600(mm) \n',680000,0,0,0,'/assets/products/TCO-04.jpg','thiet-bi-nha-bep','do-dung-nha-bep','treo-chen','cai','khac',1),('TCO-04-8','Treo chén ống-04','','','300x700(mm) \n',760000,0,0,0,'/assets/products/TCO-04.jpg','thiet-bi-nha-bep','do-dung-nha-bep','treo-chen','cai','khac',1),('TCO-04-9','Treo chén ống-04','','','300x800(mm) \n',840000,0,0,0,'/assets/products/TCO-04.jpg','thiet-bi-nha-bep','do-dung-nha-bep','treo-chen','cai','khac',1),('TCODN-06','Treo chén ống đa năng-06','','','300x500(mm) \n',420000,0,0,0,'/assets/products/TCODN-06.jpg','thiet-bi-nha-bep','do-dung-nha-bep','treo-chen','cai','khac',1),('TCODN-06-1','Treo chén ống đa năng-06','','','300x600(mm) \n',460000,0,0,0,'/assets/products/TCODN-06.jpg','thiet-bi-nha-bep','do-dung-nha-bep','treo-chen','cai','khac',1),('TCODN-06-10','Treo chén ống đa năng-06','','','300x900(mm) \n',1220000,0,0,0,'/assets/products/TCODN-06.jpg','thiet-bi-nha-bep','do-dung-nha-bep','treo-chen','cai','khac',1),('TCODN-06-11','Treo chén ống đa năng-06','','','300x1000(mm) \n',1300000,0,0,0,'/assets/products/TCODN-06.jpg','thiet-bi-nha-bep','do-dung-nha-bep','treo-chen','cai','khac',1),('TCODN-06-2','Treo chén ống đa năng-06','','','300x700(mm) \n',500000,0,0,0,'/assets/products/TCODN-06.jpg','thiet-bi-nha-bep','do-dung-nha-bep','treo-chen','cai','khac',1),('TCODN-06-3','Treo chén ống đa năng-06','','','300x800(mm) \n',540000,0,0,0,'/assets/products/TCODN-06.jpg','thiet-bi-nha-bep','do-dung-nha-bep','treo-chen','cai','khac',1),('TCODN-06-4','Treo chén ống đa năng-06','','','300x900(mm) \n',580000,0,0,0,'/assets/products/TCODN-06.jpg','thiet-bi-nha-bep','do-dung-nha-bep','treo-chen','cai','khac',1),('TCODN-06-5','Treo chén ống đa năng-06','','','300x1000(mm) \n',620000,0,0,0,'/assets/products/TCODN-06.jpg','thiet-bi-nha-bep','do-dung-nha-bep','treo-chen','cai','khac',1),('TCODN-06-6','Treo chén ống đa năng-06','','','300x500(mm) \n',900000,0,0,0,'/assets/products/TCODN-06.jpg','thiet-bi-nha-bep','do-dung-nha-bep','treo-chen','cai','khac',1),('TCODN-06-7','Treo chén ống đa năng-06','','','300x600(mm) \n',980000,0,0,0,'/assets/products/TCODN-06.jpg','thiet-bi-nha-bep','do-dung-nha-bep','treo-chen','cai','khac',1),('TCODN-06-8','Treo chén ống đa năng-06','','','300x700(mm) \n',1060000,0,0,0,'/assets/products/TCODN-06.jpg','thiet-bi-nha-bep','do-dung-nha-bep','treo-chen','cai','khac',1),('TCODN-06-9','Treo chén ống đa năng-06','','','300x800(mm) \n',1140000,0,0,0,'/assets/products/TCODN-06.jpg','thiet-bi-nha-bep','do-dung-nha-bep','treo-chen','cai','khac',1),('TGVL-01','Treo gia vị la-01','','','150x400(mm) \n',120000,0,0,0,'/assets/products/TGVL-01.jpg','thiet-bi-nha-bep','do-dung-nha-bep','treo-gia-vi','cai','khac',1),('TGVL-01-1','Treo gia vị la-01','','','150x500(mm) \n',140000,0,0,0,'/assets/products/TGVL-01.jpg','thiet-bi-nha-bep','do-dung-nha-bep','treo-gia-vi','cai','khac',1),('TGVL-01-2','Treo gia vị la-01','','','150x600(mm) \n',160000,0,0,0,'/assets/products/TGVL-01.jpg','thiet-bi-nha-bep','do-dung-nha-bep','treo-gia-vi','cai','khac',1),('TGVL-01-3','Treo gia vị la-01','','','150x400(mm) \n',240000,0,0,0,'/assets/products/TGVL-01.jpg','thiet-bi-nha-bep','do-dung-nha-bep','treo-gia-vi','cai','khac',1),('TGVL-01-4','Treo gia vị la-01','','','150x500(mm) \n',280000,0,0,0,'/assets/products/TGVL-01.jpg','thiet-bi-nha-bep','do-dung-nha-bep','treo-gia-vi','cai','khac',1),('TGVL-01-5','Treo gia vị la-01','','','150x600(mm) \n',360000,0,0,0,'/assets/products/TGVL-01.jpg','thiet-bi-nha-bep','do-dung-nha-bep','treo-gia-vi','cai','khac',1),('TGVL-02','Treo gia vị la-02','','','200x400(mm) \n',150000,0,0,0,'/assets/products/TGVL-02.jpg','thiet-bi-nha-bep','do-dung-nha-bep','treo-gia-vi','cai','khac',1),('TGVL-02-1','Treo gia vị la-02','','','200x500(mm) \n',170000,0,0,0,'/assets/products/TGVL-02.jpg','thiet-bi-nha-bep','do-dung-nha-bep','treo-gia-vi','cai','khac',1),('TGVL-02-2','Treo gia vị la-02','','','200x600(mm) \n',190000,0,0,0,'/assets/products/TGVL-02.jpg','thiet-bi-nha-bep','do-dung-nha-bep','treo-gia-vi','cai','khac',1),('TGVL-02-3','Treo gia vị la-02','','','200x400(mm) \n',300000,0,0,0,'/assets/products/TGVL-02.jpg','thiet-bi-nha-bep','do-dung-nha-bep','treo-gia-vi','cai','khac',1),('TGVL-02-4','Treo gia vị la-02','','','200x500(mm) \n',340000,0,0,0,'/assets/products/TGVL-02.jpg','thiet-bi-nha-bep','do-dung-nha-bep','treo-gia-vi','cai','khac',1),('TGVL-02-5','Treo gia vị la-02','','','200x600(mm) \n',380000,0,0,0,'/assets/products/TGVL-02.jpg','thiet-bi-nha-bep','do-dung-nha-bep','treo-gia-vi','cai','khac',1),('TGVL2T','Treo gia vị la 2 tầng','','','150x400(mm) \n',280000,0,0,0,'/assets/products/TGVL2T.jpg','thiet-bi-nha-bep','do-dung-nha-bep','treo-gia-vi','cai','khac',1),('TGVL2T-1','Treo gia vị la 2 tầng','','','150x500(mm) \n',320000,0,0,0,'/assets/products/TGVL2T.jpg','thiet-bi-nha-bep','do-dung-nha-bep','treo-gia-vi','cai','khac',1),('TGVL2T-2','Treo gia vị la 2 tầng','','','150x600(mm) \n',360000,0,0,0,'/assets/products/TGVL2T.jpg','thiet-bi-nha-bep','do-dung-nha-bep','treo-gia-vi','cai','khac',1),('TGVL2T-3','Treo gia vị la 2 tầng','','','150x400(mm) \n',500000,0,0,0,'/assets/products/TGVL2T.jpg','thiet-bi-nha-bep','do-dung-nha-bep','treo-gia-vi','cai','khac',1),('TGVL2T-4','Treo gia vị la 2 tầng','','','150x500(mm) \n',560000,0,0,0,'/assets/products/TGVL2T.jpg','thiet-bi-nha-bep','do-dung-nha-bep','treo-gia-vi','cai','khac',1),('TGVL2T-5','Treo gia vị la 2 tầng','','','150x600(mm) \n',620000,0,0,0,'/assets/products/TGVL2T.jpg','thiet-bi-nha-bep','do-dung-nha-bep','treo-gia-vi','cai','khac',1),('TGVO-01','Treo gia vị ống-01','','','150x400(mm) \n',72000,0,0,0,'/assets/products/TGVO-01.jpg','thiet-bi-nha-bep','do-dung-nha-bep','treo-gia-vi','cai','khac',1),('TGVO-01-1','Treo gia vị ống-01','','','150x500(mm) \n',82000,0,0,0,'/assets/products/TGVO-01.jpg','thiet-bi-nha-bep','do-dung-nha-bep','treo-gia-vi','cai','khac',1),('TGVO-01-2','Treo gia vị ống-01','','','150x600(mm) \n',92000,0,0,0,'/assets/products/TGVO-01.jpg','thiet-bi-nha-bep','do-dung-nha-bep','treo-gia-vi','cai','khac',1),('TGVO-01-3','Treo gia vị ống-01','','','150x400(mm) \n',150000,0,0,0,'/assets/products/TGVO-01.jpg','thiet-bi-nha-bep','do-dung-nha-bep','treo-gia-vi','cai','khac',1),('TGVO-01-4','Treo gia vị ống-01','','','150x500(mm) \n',180000,0,0,0,'/assets/products/TGVO-01.jpg','thiet-bi-nha-bep','do-dung-nha-bep','treo-gia-vi','cai','khac',1),('TGVO-01-5','Treo gia vị ống-01','','','150x600(mm) \n',220000,0,0,0,'/assets/products/TGVO-01.jpg','thiet-bi-nha-bep','do-dung-nha-bep','treo-gia-vi','cai','khac',1),('TGVO-02','Treo gia vị ống-02','','','200x400(mm) \n',83000,0,0,0,'/assets/products/TGVO-02.jpg','thiet-bi-nha-bep','do-dung-nha-bep','treo-gia-vi','cai','khac',1),('TGVO-02-1','Treo gia vị ống-02','','','200x500(mm) \n',96000,0,0,0,'/assets/products/TGVO-02.jpg','thiet-bi-nha-bep','do-dung-nha-bep','treo-gia-vi','cai','khac',1),('TGVO-02-2','Treo gia vị ống-02','','','200x600(mm) \n',106000,0,0,0,'/assets/products/TGVO-02.jpg','thiet-bi-nha-bep','do-dung-nha-bep','treo-gia-vi','cai','khac',1),('TGVO-02-3','Treo gia vị ống-02','','','200x400(mm) \n',190000,0,0,0,'/assets/products/TGVO-02.jpg','thiet-bi-nha-bep','do-dung-nha-bep','treo-gia-vi','cai','khac',1),('TGVO-02-4','Treo gia vị ống-02','','','200x500(mm) \n',210000,0,0,0,'/assets/products/TGVO-02.jpg','thiet-bi-nha-bep','do-dung-nha-bep','treo-gia-vi','cai','khac',1),('TGVO-02-5','Treo gia vị ống-02','','','200x600(mm) \n',230000,0,0,0,'/assets/products/TGVO-02.jpg','thiet-bi-nha-bep','do-dung-nha-bep','treo-gia-vi','cai','khac',1),('TGVO2T-01','Treo gia vị ống 2 tầng-01','','','150x400(mm) \n',170000,0,0,0,'/assets/products/TGVO2T-01.jpg','thiet-bi-nha-bep','do-dung-nha-bep','treo-gia-vi','cai','khac',1),('TGVO2T-01-1','Treo gia vị ống 2 tầng-01','','','150x500(mm) \n',190000,0,0,0,'/assets/products/TGVO2T-01.jpg','thiet-bi-nha-bep','do-dung-nha-bep','treo-gia-vi','cai','khac',1),('TGVO2T-01-2','Treo gia vị ống 2 tầng-01','','','150x600(mm) \n',210000,0,0,0,'/assets/products/TGVO2T-01.jpg','thiet-bi-nha-bep','do-dung-nha-bep','treo-gia-vi','cai','khac',1),('TGVO2T-01-3','Treo gia vị ống 2 tầng-01','','','150x400(mm) \n',310000,0,0,0,'/assets/products/TGVO2T-01.jpg','thiet-bi-nha-bep','do-dung-nha-bep','treo-gia-vi','cai','khac',1),('TGVO2T-01-4','Treo gia vị ống 2 tầng-01','','','150x500(mm) \n',380000,0,0,0,'/assets/products/TGVO2T-01.jpg','thiet-bi-nha-bep','do-dung-nha-bep','treo-gia-vi','cai','khac',1),('TGVO2T-01-5','Treo gia vị ống 2 tầng-01','','','150x600(mm) \n',450000,0,0,0,'/assets/products/TGVO2T-01.jpg','thiet-bi-nha-bep','do-dung-nha-bep','treo-gia-vi','cai','khac',1),('TN01','Tiểu nam cảm ứng TN 01','','','340x380x1020(mm) \n',4900000,0,0,0,'/assets/products/TN01.jpg','thiet-bi-nha-ve-sinh','thiet-bi-nha-tieu','tieu-nam-cam-ung','cai','khac',1),('TN02','Tiểu nam cảm ứng TN 02','','','330x270x670(mm) \n',3700000,0,0,0,'/assets/products/TN02.jpg','thiet-bi-nha-ve-sinh','thiet-bi-nha-tieu','tieu-nam-cam-ung','cai','khac',1),('TN03','Tiểu nam TN 03','','','300x340x640(mm) \n',1700000,0,0,0,'/assets/products/TN03.jpg','thiet-bi-nha-ve-sinh','thiet-bi-nha-tieu','tieu-nam','cai','khac',1),('VBL','Van khóa ','','','',98000,0,0,0,'/assets/products/VBL.jpg','phu-tung-phu-kien','van-khoa','None','cai','khac',1),('VH-01','Vòi hồ VH01','','','',88000,0,0,0,'/assets/products/VH-01.jpg','phu-tung-phu-kien','voi-nuoc','voi-ho','cai','khac',1),('VH-02','Vòi hồ VH02','','','',96000,0,0,0,'/assets/products/VH-02.jpg','phu-tung-phu-kien','voi-nuoc','voi-ho','cai','khac',1),('VH-03','Vòi hồ VH03','','','',184000,0,0,0,'/assets/products/VH-03.jpg','phu-tung-phu-kien','voi-nuoc','voi-ho','cai','khac',1),('VH-04','Vòi hồ VH04','','','',196000,0,0,0,'/assets/products/VH-04.jpg','phu-tung-phu-kien','voi-nuoc','voi-ho','cai','khac',1),('VH-05','Vòi hồ VH05','','','',196000,0,0,0,'/assets/products/VH-05.jpg','phu-tung-phu-kien','voi-nuoc','voi-ho','cai','khac',1),('VH-06','Vòi hồ VH06','','','',196000,0,0,0,'/assets/products/VH-06.jpg','phu-tung-phu-kien','voi-nuoc','voi-ho','cai','khac',1),('VH-07','Vòi hồ VH07','','','',196000,0,0,0,'/assets/products/VH-07.jpg','phu-tung-phu-kien','voi-nuoc','voi-ho','cai','khac',1),('VH-08','Vòi hồ VH08','','','',240000,0,0,0,'/assets/products/VH-08.jpg','phu-tung-phu-kien','voi-nuoc','voi-ho','cai','khac',1),('VH-09','Vòi hồ VH09','','','',196000,0,0,0,'/assets/products/VH-09.jpg','phu-tung-phu-kien','voi-nuoc','voi-ho','cai','khac',1),('VH-10D','Vòi hồ LB 10D','','','',150000,0,0,0,'/assets/products/VH-10D.jpg','phu-tung-phu-kien','voi-nuoc','voi-ho','cai','khac',1),('VH-10N','Vòi hồ LB 10N','','','',130000,0,0,0,'/assets/products/VH-10N.jpg','phu-tung-phu-kien','voi-nuoc','voi-ho','cai','khac',1),('VH-11','Vòi hồ VH11','','','',60000,0,0,0,'/assets/products/VH-11.jpg','phu-tung-phu-kien','voi-nuoc','voi-ho','cai','khac',1),('VH-12','Vòi hồ VH12','','','',140000,0,0,0,'/assets/products/VH-12.jpg','phu-tung-phu-kien','voi-nuoc','voi-ho','cai','khac',1),('VNKV','Vĩ nướng kẹp vuông','','','250x250(mm) \n',76000,0,0,0,'/assets/products/VNKV.jpg','thiet-bi-khac','vi-nuong','None','cai','khac',1),('VNKV-1','Vĩ nướng kẹp vuông','','','300x300(mm) \n',96000,0,0,0,'/assets/products/VNKV.jpg','thiet-bi-khac','vi-nuong','None','cai','khac',1),('VNT','Vĩ nướng tròn','','','bán kính 200',30000,0,0,0,'/assets/products/VNT.jpg','thiet-bi-khac','vi-nuong','None','cai','khac',1),('VNT-1','Vĩ nướng tròn','','','bán kính 250',38000,0,0,0,'/assets/products/VNT.jpg','thiet-bi-khac','vi-nuong','None','cai','khac',1),('VNT-2','Vĩ nướng tròn','','','bán kính 300',44000,0,0,0,'/assets/products/VNT.jpg','thiet-bi-khac','vi-nuong','None','cai','khac',1),('VNTCC','Vĩ nướng tròn có chân','','','200x200(mm) \n',30000,0,0,0,'/assets/products/VNTCC.jpg','thiet-bi-khac','vi-nuong','None','cai','khac',1),('VNTCC-1','Vĩ nướng tròn có chân','','','250x250(mm) \n',38000,0,0,0,'/assets/products/VNTCC.jpg','thiet-bi-khac','vi-nuong','None','cai','khac',1),('VNTCC-2','Vĩ nướng tròn có chân','','','300x300(mm) \n',48000,0,0,0,'/assets/products/VNTCC.jpg','thiet-bi-khac','vi-nuong','None','cai','khac',1),('VNV','Vĩ nướng vuông','','','300x400(mm) \n',72000,0,0,0,'/assets/products/VNV.jpg','thiet-bi-khac','vi-nuong','None','cai','khac',1),('VNV-1','Vĩ nướng vuông','','','300x500(mm) \n',76000,0,0,0,'/assets/products/VNV.jpg','thiet-bi-khac','vi-nuong','None','cai','khac',1),('VNV-2','Vĩ nướng vuông','','','350x500(mm) \n',82000,0,0,0,'/assets/products/VNV.jpg','thiet-bi-khac','vi-nuong','None','cai','khac',1),('VNV-3','Vĩ nướng vuông','','','400x500(mm) \n',90000,0,0,0,'/assets/products/VNV.jpg','thiet-bi-khac','vi-nuong','None','cai','khac',1),('VNV-4','Vĩ nướng vuông','','','400x600(mm) \n',96000,0,0,0,'/assets/products/VNV.jpg','thiet-bi-khac','vi-nuong','None','cai','khac',1),('VS-01','Vòi xịt VS01','','','',128000,0,0,0,'/assets/products/VS-01.jpg','phu-tung-phu-kien','voi-xit','None','cai','khac',1),('VS-02','Vòi xịt VS02','','','',116000,0,0,0,'/assets/products/VS-02.jpg','phu-tung-phu-kien','voi-xit','None','cai','khac',1),('VS-03','Vòi xịt VS03','','','',116000,0,0,0,'/assets/products/VS-03.jpg','phu-tung-phu-kien','voi-xit','None','cai','khac',1),('VS-04','Vòi xịt VS04','','','',148000,0,0,0,'/assets/products/VS-04.jpg','phu-tung-phu-kien','voi-xit','None','cai','khac',1),('VS-05','Vòi xịt VS05','','','',348000,0,0,0,'/assets/products/VS-05.jpg','phu-tung-phu-kien','voi-xit','None','cai','khac',1),('VS-06','Vòi xịt VS06','','','',268000,0,0,0,'/assets/products/VS-06.jpg','phu-tung-phu-kien','voi-xit','None','cai','khac',1),('VS-07','Vòi xịt VS07','','','',188000,0,0,0,'/assets/products/VS-07.jpg','phu-tung-phu-kien','voi-xit','None','cai','khac',1),('VS-08','Vòi xịt VS08','','','',128000,0,0,0,'/assets/products/VS-08.jpg','phu-tung-phu-kien','voi-xit','None','cai','khac',1),('VS-09','Vòi xịt VS09','','','',148000,0,0,0,'/assets/products/VS-09.jpg','phu-tung-phu-kien','voi-xit','None','cai','khac',1),('VS-10','Vòi xịt VS10','','','',148000,0,0,0,'/assets/products/VS-10.jpg','phu-tung-phu-kien','voi-xit','None','cai','khac',1),('VS-11','Vòi xịt VS11','','','',148000,0,0,0,'/assets/products/VS-11.jpg','phu-tung-phu-kien','voi-xit','None','cai','khac',1),('VS-12','Vòi xịt VS12','','','',148000,0,0,0,'/assets/products/VS-12.jpg','phu-tung-phu-kien','voi-xit','None','cai','khac',1),('VS-13','Vòi xịt VS13','','','',116000,0,0,0,'/assets/products/VS-13.jpg','phu-tung-phu-kien','voi-xit','None','cai','khac',1),('VS-14','Vòi xịt VS14','','','',116000,0,0,0,'/assets/products/VS-14.jpg','phu-tung-phu-kien','voi-xit','None','cai','khac',1),('VS-15','Vòi xịt VS15','','','',188000,0,0,0,'/assets/products/VS-15.jpg','phu-tung-phu-kien','voi-xit','None','cai','khac',1),('VS-16','Vòi xịt VS16','','','',228000,0,0,0,'/assets/products/VS-16.jpg','phu-tung-phu-kien','voi-xit','None','cai','khac',1),('VS-17','Vòi xịt VS17','','','',250000,0,0,0,'/assets/products/VS-17.jpg','phu-tung-phu-kien','voi-xit','None','cai','khac',1),('VT-02','Van khóa VT02','','','',82000,0,0,0,'/assets/products/VT-02.jpg','phu-tung-phu-kien','van-khoa','None','cai','khac',1),('VT-03','Van khóa VT03','','','',78000,0,0,0,'/assets/products/VT-03.jpg','phu-tung-phu-kien','van-khoa','None','cai','khac',1),('XBN-04','Xả nhấn XBN04','','','',50000,0,0,0,'/assets/products/XBN-04.jpg','phu-tung-phu-kien','phu-kien-nha-ve-sinh','bo-xa','cai','khac',1),('XNI-01','Xả nhấn XNI01','','','',180000,0,0,0,'/assets/products/XNI-01.jpg','phu-tung-phu-kien','phu-kien-nha-ve-sinh','bo-xa','cai','khac',1),('XNRG-03','Xả nhấn XNRG03','','','',90000,0,0,0,'/assets/products/XNRG-03.jpg','phu-tung-phu-kien','phu-kien-nha-ve-sinh','bo-xa','cai','khac',1),('XTN-01','Xả nam XTN01','','','',180000,0,0,0,'/assets/products/XTN-01.jpg','phu-tung-phu-kien','phu-kien-nha-ve-sinh','bo-xa','cai','khac',1),('XTN-03','Xả nam XTN03','','','',490000,0,0,0,'/assets/products/XTN-03.jpg','phu-tung-phu-kien','phu-kien-nha-ve-sinh','bo-xa','cai','khac',1);
/*!40000 ALTER TABLE `sanpham` ENABLE KEYS */;
UNLOCK TABLES;

--
-- Table structure for table `sanphamlienquan`
--

DROP TABLE IF EXISTS `sanphamlienquan`;
/*!40101 SET @saved_cs_client     = @@character_set_client */;
/*!50503 SET character_set_client = utf8mb4 */;
CREATE TABLE `sanphamlienquan` (
  `san_pham_goc` varchar(255) NOT NULL,
  `san_pham_lien_quan` varchar(255) NOT NULL,
  PRIMARY KEY (`san_pham_goc`,`san_pham_lien_quan`)
) ENGINE=InnoDB DEFAULT CHARSET=utf8mb4  ;
/*!40101 SET character_set_client = @saved_cs_client */;

--
-- Dumping data for table `sanphamlienquan`
--

LOCK TABLES `sanphamlienquan` WRITE;
/*!40000 ALTER TABLE `sanphamlienquan` DISABLE KEYS */;
/*!40000 ALTER TABLE `sanphamlienquan` ENABLE KEYS */;
UNLOCK TABLES;

--
-- Table structure for table `taikhoan`
--

DROP TABLE IF EXISTS `taikhoan`;
/*!40101 SET @saved_cs_client     = @@character_set_client */;
/*!50503 SET character_set_client = utf8mb4 */;
CREATE TABLE `taikhoan` (
  `ten_dang_nhap` varchar(255) NOT NULL,
  `mat_khau` varchar(255) NOT NULL,
  `trang_thai` tinyint(1) DEFAULT '1',
  `role` enum('khachhang','admin') DEFAULT 'khachhang',
  PRIMARY KEY (`ten_dang_nhap`)
) ENGINE=InnoDB DEFAULT CHARSET=utf8mb4  ;
/*!40101 SET character_set_client = @saved_cs_client */;

--
-- Dumping data for table `taikhoan`
--

LOCK TABLES `taikhoan` WRITE;
/*!40000 ALTER TABLE `taikhoan` DISABLE KEYS */;
INSERT INTO `taikhoan` VALUES ('huynhvancongadu@gmail.com','123456',1,'khachhang');
/*!40000 ALTER TABLE `taikhoan` ENABLE KEYS */;
UNLOCK TABLES;

--
-- Table structure for table `thulienhe`
--

DROP TABLE IF EXISTS `thulienhe`;
/*!40101 SET @saved_cs_client     = @@character_set_client */;
/*!50503 SET character_set_client = utf8mb4 */;
CREATE TABLE `thulienhe` (
  `ma_thu` int NOT NULL AUTO_INCREMENT,
  `email` varchar(255) DEFAULT NULL,
  `website` text,
  `tin_nhan` text,
  `thoi_gian_gui` datetime DEFAULT CURRENT_TIMESTAMP,
  PRIMARY KEY (`ma_thu`)
) ENGINE=InnoDB DEFAULT CHARSET=utf8mb4  ;
/*!40101 SET character_set_client = @saved_cs_client */;

--
-- Dumping data for table `thulienhe`
--

LOCK TABLES `thulienhe` WRITE;
/*!40000 ALTER TABLE `thulienhe` DISABLE KEYS */;
/*!40000 ALTER TABLE `thulienhe` ENABLE KEYS */;
UNLOCK TABLES;

--
-- Table structure for table `thuonghieu`
--

DROP TABLE IF EXISTS `thuonghieu`;
/*!40101 SET @saved_cs_client     = @@character_set_client */;
/*!50503 SET character_set_client = utf8mb4 */;
CREATE TABLE `thuonghieu` (
  `ma_thuong_hieu` varchar(255) NOT NULL,
  `ten_thuong_hieu` text NOT NULL,
  `email` varchar(255) DEFAULT NULL,
  `hotline` varchar(20) DEFAULT NULL,
  `dia_chi` text,
  `th_ghi_chu` text,
  `logo` text,
  PRIMARY KEY (`ma_thuong_hieu`)
) ENGINE=InnoDB DEFAULT CHARSET=utf8mb4  ;
/*!40101 SET character_set_client = @saved_cs_client */;

--
-- Dumping data for table `thuonghieu`
--

LOCK TABLES `thuonghieu` WRITE;
/*!40000 ALTER TABLE `thuonghieu` DISABLE KEYS */;
INSERT INTO `thuonghieu` VALUES ('khac','Khác','other.brand@gmail.com','01286619915','','','/assets/brands/51862CD521974A1897AD8C63280A049E.png');
/*!40000 ALTER TABLE `thuonghieu` ENABLE KEYS */;
UNLOCK TABLES;

--
-- Table structure for table `trangthai`
--

DROP TABLE IF EXISTS `trangthai`;
/*!40101 SET @saved_cs_client     = @@character_set_client */;
/*!50503 SET character_set_client = utf8mb4 */;
CREATE TABLE `trangthai` (
  `ma_trang_thai` varchar(255) NOT NULL,
  `ten_trang_thai` text,
  `ghi_chu` text,
  PRIMARY KEY (`ma_trang_thai`)
) ENGINE=InnoDB DEFAULT CHARSET=utf8mb4  ;
/*!40101 SET character_set_client = @saved_cs_client */;

--
-- Dumping data for table `trangthai`
--

LOCK TABLES `trangthai` WRITE;
/*!40000 ALTER TABLE `trangthai` DISABLE KEYS */;
/*!40000 ALTER TABLE `trangthai` ENABLE KEYS */;
UNLOCK TABLES;
/*!40103 SET TIME_ZONE=@OLD_TIME_ZONE */;

/*!40101 SET SQL_MODE=@OLD_SQL_MODE */;
/*!40014 SET FOREIGN_KEY_CHECKS=@OLD_FOREIGN_KEY_CHECKS */;
/*!40014 SET UNIQUE_CHECKS=@OLD_UNIQUE_CHECKS */;
/*!40101 SET CHARACTER_SET_CLIENT=@OLD_CHARACTER_SET_CLIENT */;
/*!40101 SET CHARACTER_SET_RESULTS=@OLD_CHARACTER_SET_RESULTS */;
/*!40101 SET COLLATION_CONNECTION=@OLD_COLLATION_CONNECTION */;
/*!40111 SET SQL_NOTES=@OLD_SQL_NOTES */;

-- Dump completed on 2024-04-02 14:50:15
